site,jday,month,month_name,season_name,species,microhabitat,ind,soil_temp_couple,soil_temp_hour,air_temp,air_hour,rad_air,wind_air,METCAT_TM,METCAT_TX,SENS_TM,SENS_TX,SENS_TM2H,soil_hum_org,soil_hum_min,soil_hum_volts,phenology,cycle_phase,stem_length,resp_height,resp_leaves
CJ,70,3,mar,spring,Alliaria petiolata,SC,CJ_SC_1,8.8,13,NA,NA,NA,NA,12.5,21.4,NA,NA,NA,62.7333333333333,54.1,790.666666666667,NA,NA,NA,NA,NA
CJ,70,3,mar,spring,Alliaria petiolata,SC,CJ_SC_2,8.6,13,NA,NA,NA,NA,12.5,21.4,NA,NA,NA,52.9333333333333,45.0333333333333,653.333333333333,NA,NA,NA,NA,NA
CJ,70,3,mar,spring,Alliaria petiolata,SC,CJ_SC_3,8.5,13,NA,NA,NA,NA,12.5,21.4,NA,NA,NA,44.4,37.2666666666667,527.666666666667,veg,rep,3.5,NA,NA
CJ,70,3,mar,spring,Alliaria petiolata,SC,CJ_SC_4,8.8,13,NA,NA,NA,NA,12.5,21.4,NA,NA,NA,55.4333333333333,41.1333333333333,586.333333333333,veg,rep,6,NA,NA
CJ,85,3,mar,spring,Alliaria petiolata,SC,CJ_SC_5,8.5,16,16.1,NA,NA,NA,9.3,18.1,NA,NA,NA,62.7666666666667,74.1333333333333,938,NA,NA,NA,NA,NA
CJ,85,3,mar,spring,Alliaria petiolata,SC,CJ_SC_6,8.4,16,14.7,NA,NA,NA,9.3,18.1,NA,NA,NA,48.9333333333333,34.6,587.333333333333,NA,NA,NA,NA,NA
CJ,85,3,mar,spring,Alliaria petiolata,SC,CJ_SC_7,8.4,16,15.5,NA,NA,NA,9.3,18.1,NA,NA,NA,62.2,53.8666666666667,776.666666666667,rep,rep,9.5,NA,NA
CJ,85,3,mar,spring,Alliaria petiolata,SC,CJ_SC_8,8,16,14.9,NA,NA,NA,9.3,18.1,NA,NA,NA,45.8,37.7333333333333,530.333333333333,rep,rep,5.5,NA,NA
CJ,99,4,apr,spring,Alliaria petiolata,SC,CJ_SC_9,13.7,14,21.2,NA,NA,NA,13.7,23.5,NA,NA,NA,61.9666666666667,53.2666666666667,777.333333333333,NA,NA,NA,NA,NA
CJ,99,4,apr,spring,Alliaria petiolata,SC,CJ_SC_10,16.5,14,20.8,NA,NA,NA,13.7,23.5,NA,NA,NA,47.1333333333333,39.6333333333333,565.333333333333,NA,NA,NA,NA,NA
CJ,99,4,apr,spring,Alliaria petiolata,SC,CJ_SC_11,14.1,14,20.9,NA,NA,NA,13.7,23.5,NA,NA,NA,39.2666666666667,32.3666666666667,448,rep,rep,40,NA,NA
CJ,99,4,apr,spring,Alliaria petiolata,SC,CJ_SC_12,16.7,14,21.8,NA,NA,NA,13.7,23.5,NA,NA,NA,59.9666666666667,51.4,749.666666666667,rep,rep,24,NA,NA
CJ,113,4,apr,spring,Alliaria petiolata,SC,CJ_SC_13,10.7,14,20.4,NA,NA,NA,13.9,22.9,NA,NA,NA,60.6333333333333,52.4666666666667,772.666666666667,NA,NA,NA,NA,NA
CJ,113,4,apr,spring,Alliaria petiolata,SC,CJ_SC_14,10.6,14,20.6,NA,NA,NA,13.9,22.9,NA,NA,NA,41.8666666666667,34.5333333333333,485,rep,rep,88,NA,NA
CJ,113,4,apr,spring,Alliaria petiolata,SC,CJ_SC_15,10.7,14,20.2,NA,NA,NA,13.9,22.9,NA,NA,NA,53.8,45.5333333333333,665,rep,rep,90,NA,NA
CJ,113,4,apr,spring,Alliaria petiolata,SC,CJ_SC_16,11.1,14,20.5,NA,NA,NA,13.9,22.9,NA,NA,NA,55,46.8333333333333,679.666666666667,rep,rep,49.6,NA,NA
CJ,127,5,may,spring,Alliaria petiolata,SC,CJ_SC_17,11.7,14,19.4,NA,NA,NA,14.4,21.4,NA,NA,NA,61.6333333333333,52.6666666666667,769.666666666667,rep,rep,101,NA,NA
CJ,127,5,may,spring,Alliaria petiolata,SC,CJ_SC_18,11.7,14,20.4,NA,NA,NA,14.4,21.4,NA,NA,NA,48.6333333333333,41.0666666666667,588.333333333333,NA,NA,NA,NA,NA
CJ,127,5,may,spring,Alliaria petiolata,SC,CJ_SC_19,11.6,14,18.8,NA,NA,NA,14.4,21.4,NA,NA,NA,61.5333333333333,53,780,rep,rep,76,NA,NA
CJ,127,5,may,spring,Alliaria petiolata,SC,CJ_SC_20,11.9,14,20.5,NA,NA,NA,14.4,21.4,NA,NA,NA,63.5333333333333,55.0333333333333,799.666666666667,rep,rep,64,NA,NA
CJ,141,5,may,spring,Alliaria petiolata,SC,CJ_SC_21,13.4,15,21.1,NA,NA,NA,16.5,24.8,NA,NA,NA,55.7333333333333,45.0333333333333,651.666666666667,NA,NA,NA,NA,NA
CJ,141,5,may,spring,Alliaria petiolata,SC,CJ_SC_22,13.7,15,21.8,NA,NA,NA,16.5,24.8,NA,NA,NA,38.3666666666667,31.5333333333333,432.666666666667,NA,NA,NA,NA,NA
CJ,141,5,may,spring,Alliaria petiolata,SC,CJ_SC_23,13.8,15,21.7,NA,NA,NA,16.5,24.8,NA,NA,NA,44.9666666666667,37.3,530.666666666667,rep,rep,61,NA,NA
CJ,141,5,may,spring,Alliaria petiolata,SC,CJ_SC_24,13.8,15,22.2,NA,NA,NA,16.5,24.8,NA,NA,NA,47.6666666666667,40.0333333333333,571.666666666667,rep,rep,115,NA,NA
CJ,162,6,jun,summer,Alliaria petiolata,SC,CJ_SC_25,17.4,13,27.9,NA,NA,NA,24.4,32.6,NA,NA,NA,43,35.6666666666667,500.666666666667,NA,NA,NA,NA,NA
CJ,162,6,jun,summer,Alliaria petiolata,SC,CJ_SC_26,17.4,13,26.9,NA,NA,NA,24.4,32.6,NA,NA,NA,29.7666666666667,23.7,307.666666666667,NA,NA,NA,NA,NA
CJ,162,6,jun,summer,Alliaria petiolata,SC,CJ_SC_27,18,13,28.8,NA,NA,NA,24.4,32.6,NA,NA,NA,19.3,14.1,174,rep,rep,77,NA,NA
CJ,162,6,jun,summer,Alliaria petiolata,SC,CJ_SC_28,18.2,13,29.2,NA,NA,NA,24.4,32.6,NA,NA,NA,17.8,12.6666666666667,165.333333333333,rep,rep,71,NA,NA
CJ,167,6,jun,summer,Alliaria petiolata,SC,CJ_SC_29,NA,NA,NA,NA,NA,NA,25.8,33.8,NA,NA,NA,33.7666666666667,27.4,367,NA,NA,NA,NA,NA
CJ,167,6,jun,summer,Alliaria petiolata,SC,CJ_SC_30,NA,NA,NA,NA,NA,NA,25.8,33.8,NA,NA,NA,17.1333333333333,12.1666666666667,154.666666666667,NA,NA,NA,NA,NA
CJ,167,6,jun,summer,Alliaria petiolata,SC,CJ_SC_31,NA,NA,NA,NA,NA,NA,25.8,33.8,NA,NA,NA,25.7333333333333,20.0333333333333,249.333333333333,sen,rep,112,NA,NA
CJ,167,6,jun,summer,Alliaria petiolata,SC,CJ_SC_32,NA,NA,NA,NA,NA,NA,25.8,33.8,NA,NA,NA,22.9,17.8333333333333,221.333333333333,sum_ros,ros,1,NA,NA
CJ,176,6,jun,summer,Alliaria petiolata,SC,CJ_SC_33,19.6,14,NA,NA,NA,NA,23.6,30.9,NA,NA,NA,31.3666666666667,25.1333333333333,325.666666666667,NA,NA,NA,NA,NA
CJ,176,6,jun,summer,Alliaria petiolata,SC,CJ_SC_34,19.5,14,NA,NA,NA,NA,23.6,30.9,NA,NA,NA,19.3,14.133333333333301,184,NA,NA,NA,NA,NA
CJ,176,6,jun,summer,Alliaria petiolata,SC,CJ_SC_35,19.8,14,NA,NA,NA,NA,23.6,30.9,NA,NA,NA,17.3333333333333,12.3,166,sen,rep,87,NA,NA
CJ,176,6,jun,summer,Alliaria petiolata,SC,CJ_SC_36,19.6,14,NA,NA,NA,NA,23.6,30.9,NA,NA,NA,26.3333333333333,20.5,263.333333333333,sen,rep,127,NA,NA
CJ,176,6,jun,summer,Alliaria petiolata,SC,CJ_SC_37,19.7,14,NA,NA,NA,NA,23.6,30.9,NA,NA,NA,26.1666666666667,20.3666666666667,255,sum_ros,ros,1.5,NA,NA
CJ,187,7,jul,summer,Alliaria petiolata,SC,CJ_SC_38,18.7,14,30.8,NA,NA,NA,23.9,34.7,NA,NA,NA,25.0333333333333,18.9,237.333333333333,NA,NA,NA,NA,NA
CJ,187,7,jul,summer,Alliaria petiolata,SC,CJ_SC_39,18.2,14,30.4,NA,NA,NA,23.9,34.7,NA,NA,NA,21.6,16.2666666666667,183,NA,NA,NA,NA,NA
CJ,187,7,jul,summer,Alliaria petiolata,SC,CJ_SC_40,18.3,14,29.4,NA,NA,NA,23.9,34.7,NA,NA,NA,26.0666666666667,20.3666666666667,252.666666666667,sen,rep,99,NA,NA
CJ,187,7,jul,summer,Alliaria petiolata,SC,CJ_SC_41,18.7,14,29.7,NA,NA,NA,23.9,34.7,NA,NA,NA,36.2333333333333,25.7333333333333,334,sum_ros,ros,0.5,NA,NA
CJ,206,7,jul,summer,Alliaria petiolata,SC,CJ_SC_42,NA,NA,NA,NA,NA,NA,20.1,26.5,NA,NA,NA,37.0333333333333,30.3333333333333,392,NA,NA,NA,NA,NA
CJ,206,7,jul,summer,Alliaria petiolata,SC,CJ_SC_43,NA,NA,NA,NA,NA,NA,20.1,26.5,NA,NA,NA,30,24.1,309,NA,NA,NA,NA,NA
CJ,206,7,jul,summer,Alliaria petiolata,SC,CJ_SC_44,NA,NA,NA,NA,NA,NA,20.1,26.5,NA,NA,NA,19.1333333333333,14,175.333333333333,sum_ros,ros,0.5,NA,NA
CJ,206,7,jul,summer,Alliaria petiolata,SC,CJ_SC_45,NA,NA,NA,NA,NA,NA,20.1,26.5,NA,NA,NA,26.8,20.8,262.666666666667,sum_ros,ros,0.5,NA,NA
CJ,225,8,aug,summer,Alliaria petiolata,SC,CJ_SC_46,17.7,12,22.3,NA,NA,NA,21.5,29.6,NA,NA,NA,32.4,26.1,341.333333333333,sum_ros,ros,1,NA,NA
CJ,225,8,aug,summer,Alliaria petiolata,SC,CJ_SC_47,17.6,12,24.3,NA,NA,NA,21.5,29.6,NA,NA,NA,32.9666666666667,26.6333333333333,350.666666666667,NA,NA,NA,NA,NA
CJ,225,8,aug,summer,Alliaria petiolata,SC,CJ_SC_48,17.8,12,23.9,NA,NA,NA,21.5,29.6,NA,NA,NA,31.7,25.4666666666667,332,sum_ros,ros,1,NA,NA
CJ,225,8,aug,summer,Alliaria petiolata,SC,CJ_SC_49,17.5,12,23,NA,NA,NA,21.5,29.6,NA,NA,NA,26.4,20.6666666666667,291,sum_ros,ros,0.7,NA,NA
CJ,241,8,aug,summer,Alliaria petiolata,SC,CJ_SC_50,21,12,29.6,NA,NA,NA,25,33.4,NA,NA,NA,23.6,18.1333333333333,223,NA,NA,NA,NA,NA
CJ,241,8,aug,summer,Alliaria petiolata,SC,CJ_SC_51,20.5,12,29.5,NA,NA,NA,25,33.4,NA,NA,NA,13.7666666666667,9.16666666666667,122,NA,NA,NA,NA,NA
CJ,241,8,aug,summer,Alliaria petiolata,SC,CJ_SC_52,19.8,12,29.4,NA,NA,NA,25,33.4,NA,NA,NA,12.8666666666667,8.1,111.666666666667,sum_ros,ros,0.5,NA,NA
CJ,241,8,aug,summer,Alliaria petiolata,SC,CJ_SC_53,19.8,12,30.3,NA,NA,NA,25,33.4,NA,NA,NA,11.4333333333333,7.23333333333333,100.666666666667,sum_ros,ros,0.5,NA,NA
CJ,257,9,sep,autumn,Alliaria petiolata,SC,CJ_SC_54,16.7,13,20.6,NA,NA,NA,17.5,24.4,NA,NA,NA,34.3666666666667,27.9333333333333,372.666666666667,NA,NA,NA,NA,NA
CJ,257,9,sep,autumn,Alliaria petiolata,SC,CJ_SC_55,16.6,13,20.6,NA,NA,NA,17.5,24.4,NA,NA,NA,29.6,23.4666666666667,300,aut_ros,ros,0.5,NA,NA
CJ,257,9,sep,autumn,Alliaria petiolata,SC,CJ_SC_56,16.5,13,20.3,NA,NA,NA,17.5,24.4,NA,NA,NA,39.2333333333333,32.4,446.666666666667,aut_ros,ros,0.2,NA,NA
CJ,257,9,sep,autumn,Alliaria petiolata,SC,CJ_SC_57,16.4,13,21.1,NA,NA,NA,17.5,24.4,NA,NA,NA,33.7,27.4,362.333333333333,aut_ros,ros,0.2,NA,NA
CJ,278,10,oct,autumn,Alliaria petiolata,SC,CJ_SC_58,15.9,14,20.7,NA,NA,NA,19,27.7,NA,NA,NA,37.5,30.8,421,NA,NA,NA,NA,NA
CJ,278,10,oct,autumn,Alliaria petiolata,SC,CJ_SC_59,15.9,14,20.7,NA,NA,NA,19,27.7,NA,NA,NA,42.5666666666667,35.4,497.333333333333,NA,NA,NA,NA,NA
CJ,278,10,oct,autumn,Alliaria petiolata,SC,CJ_SC_60,15.8,14,21.4,NA,NA,NA,19,27.7,NA,NA,NA,32,25.8,337.333333333333,aut_ros,ros,0.5,NA,NA
CJ,278,10,oct,autumn,Alliaria petiolata,SC,CJ_SC_61,15.9,14,21,NA,NA,NA,19,27.7,NA,NA,NA,35.8333333333333,29.3,395.333333333333,aut_ros,ros,1,NA,NA
CJ,70,3,mar,spring,Alliaria petiolata,C,CJ_C_1,8.9,13,NA,NA,NA,NA,12.5,21.4,11.8125,22,7.75,39.6333333333333,32.7666666666667,452,NA,NA,NA,NA,NA
CJ,70,3,mar,spring,Alliaria petiolata,C,CJ_C_2,9.1,13,NA,NA,NA,NA,12.5,21.4,11.8125,22,7.75,45.0666666666667,37.8,536,NA,NA,NA,NA,NA
CJ,70,3,mar,spring,Alliaria petiolata,C,CJ_C_3,8.9,13,NA,NA,NA,NA,12.5,21.4,11.8125,22,7.75,44.2333333333333,37.2,523.333333333333,veg,rep,2,NA,NA
CJ,70,3,mar,spring,Alliaria petiolata,C,CJ_C_4,9,13,NA,NA,NA,NA,12.5,21.4,11.8125,22,7.75,43.2333333333333,36.4,508.666666666667,veg,rep,8,NA,NA
CJ,85,3,mar,spring,Alliaria petiolata,C,CJ_C_5,8.8,15,15.2,NA,NA,NA,9.3,18.1,NA,NA,NA,41.7333333333333,34.2666666666667,483.333333333333,NA,NA,NA,NA,NA
CJ,85,3,mar,spring,Alliaria petiolata,C,CJ_C_6,8.8,15,16,NA,NA,NA,9.3,18.1,NA,NA,NA,51.0666666666667,46.5666666666667,626.333333333333,NA,NA,NA,NA,NA
CJ,85,3,mar,spring,Alliaria petiolata,C,CJ_C_7,8.8,15,15.5,NA,NA,NA,9.3,18.1,NA,NA,NA,48,40.4666666666667,576.666666666667,rep,rep,19,NA,NA
CJ,85,3,mar,spring,Alliaria petiolata,C,CJ_C_8,9.2,15,15.9,NA,NA,NA,9.3,18.1,NA,NA,NA,42.8,35.8333333333333,506.333333333333,rep,rep,29,NA,NA
CJ,99,4,apr,spring,Alliaria petiolata,C,CJ_C_9,13.7,13,19.5,NA,NA,NA,13.7,23.5,NA,NA,NA,29.3,23.3333333333333,297.333333333333,NA,NA,NA,NA,NA
CJ,99,4,apr,spring,Alliaria petiolata,C,CJ_C_10,13.9,13,20,NA,NA,NA,13.7,23.5,NA,NA,NA,36.3333333333333,29.7,401.666666666667,NA,NA,NA,NA,NA
CJ,99,4,apr,spring,Alliaria petiolata,C,CJ_C_11,15,13,19.7,NA,NA,NA,13.7,23.5,NA,NA,NA,29.8,23.7,310,veg,rep,1.5,NA,NA
CJ,99,4,apr,spring,Alliaria petiolata,C,CJ_C_12,13.5,13,20.3,NA,NA,NA,13.7,23.5,NA,NA,NA,27.4333333333333,22.1,285,rep,rep,38,NA,NA
CJ,113,4,apr,spring,Alliaria petiolata,C,CJ_C_13,10.2,14,18.9,NA,NA,NA,13.9,22.9,NA,NA,NA,27.8666666666667,23.1666666666667,298.666666666667,NA,NA,NA,NA,NA
CJ,113,4,apr,spring,Alliaria petiolata,C,CJ_C_14,10.3,14,19.1,NA,NA,NA,13.9,22.9,NA,NA,NA,38.2666666666667,31.5333333333333,432.666666666667,NA,NA,NA,NA,NA
CJ,113,4,apr,spring,Alliaria petiolata,C,CJ_C_15,10.2,14,20.4,NA,NA,NA,13.9,22.9,NA,NA,NA,32.8666666666667,26.6,349.333333333333,rep,rep,66.5,NA,NA
CJ,113,4,apr,spring,Alliaria petiolata,C,CJ_C_16,10.1,14,19.7,NA,NA,NA,13.9,22.9,NA,NA,NA,41.0333333333333,36.4333333333333,234,rep,rep,49,NA,NA
CJ,127,5,may,spring,Alliaria petiolata,C,CJ_C_17,11,13,16,NA,NA,NA,14.4,21.4,NA,NA,NA,43.5,36.2666666666667,510,NA,NA,NA,NA,NA
CJ,127,5,may,spring,Alliaria petiolata,C,CJ_C_18,11.4,13,16.8,NA,NA,NA,14.4,21.4,NA,NA,NA,47.4,39.9666666666667,571.666666666667,NA,NA,NA,NA,NA
CJ,127,5,may,spring,Alliaria petiolata,C,CJ_C_19,11.5,13,16.2,NA,NA,NA,14.4,21.4,NA,NA,NA,45.0333333333333,38.1333333333333,518.666666666667,rep,rep,33,NA,NA
CJ,127,5,may,spring,Alliaria petiolata,C,CJ_C_20,11.4,13,16.3,NA,NA,NA,14.4,21.4,NA,NA,NA,32,25.9666666666667,340.666666666667,rep,rep,53,NA,NA
CJ,141,5,may,spring,Alliaria petiolata,C,CJ_C_21,12.9,14,22,NA,NA,NA,16.5,24.8,NA,NA,NA,28.9333333333333,22,280,rep,rep,77,NA,NA
CJ,141,5,may,spring,Alliaria petiolata,C,CJ_C_22,13.2,14,21.7,NA,NA,NA,16.5,24.8,NA,NA,NA,35.7333333333333,29.2,392.333333333333,rep,rep,59,NA,NA
CJ,141,5,may,spring,Alliaria petiolata,C,CJ_C_23,13.2,14,21.8,NA,NA,NA,16.5,24.8,NA,NA,NA,23.3333333333333,17.8,224.333333333333,rep,rep,58,NA,NA
CJ,141,5,may,spring,Alliaria petiolata,C,CJ_C_24,13.2,14,20.4,NA,NA,NA,16.5,24.8,NA,NA,NA,26.4666666666667,20.6666666666667,261,rep,rep,34,NA,NA
CJ,162,6,jun,summer,Alliaria petiolata,C,CJ_C_25,16.4,11,27.1,NA,NA,NA,24.4,32.6,NA,NA,NA,17.3333333333333,12.3,154,NA,NA,NA,NA,NA
CJ,162,6,jun,summer,Alliaria petiolata,C,CJ_C_26,17,11,26.5,NA,NA,NA,24.4,32.6,NA,NA,NA,32.4,24.3,312,NA,NA,NA,NA,NA
CJ,162,6,jun,summer,Alliaria petiolata,C,CJ_C_27,17.1,11,26.6,NA,NA,NA,24.4,32.6,NA,NA,NA,25.1,19.5333333333333,248,NA,NA,NA,NA,NA
CJ,162,6,jun,summer,Alliaria petiolata,C,CJ_C_28,16.2,11,27.2,NA,NA,NA,24.4,32.6,NA,NA,NA,27.2666666666667,21.4,270.666666666667,rep,rep,35,NA,NA
CJ,162,6,jun,summer,Alliaria petiolata,C,CJ_C_29,17.3,11,26.7,NA,NA,NA,24.4,32.6,NA,NA,NA,13.0666666666667,8.4,119.333333333333,rep,rep,67,NA,NA
CJ,167,6,jun,summer,Alliaria petiolata,C,CJ_C_30,NA,NA,NA,NA,NA,NA,25.8,33.8,NA,NA,NA,16.6,11.8333333333333,149.333333333333,NA,NA,NA,NA,NA
CJ,167,6,jun,summer,Alliaria petiolata,C,CJ_C_31,NA,NA,NA,NA,NA,NA,25.8,33.8,NA,NA,NA,23.1333333333333,17.5666666666667,215.333333333333,NA,NA,NA,NA,NA
CJ,167,6,jun,summer,Alliaria petiolata,C,CJ_C_33,NA,NA,NA,NA,NA,NA,25.8,33.8,NA,NA,NA,20.6333333333333,15.4333333333333,189.666666666667,rep,rep,74,NA,NA
CJ,167,6,jun,summer,Alliaria petiolata,C,CJ_C_34,NA,NA,NA,NA,NA,NA,25.8,33.8,NA,NA,NA,13.0666666666667,8.33333333333333,113.666666666667,rep,rep,120,NA,NA
CJ,176,6,jun,summer,Alliaria petiolata,C,CJ_C_35,18.9,12,NA,NA,NA,NA,23.6,30.9,NA,NA,NA,17.6,12.2666666666667,158,NA,NA,NA,NA,NA
CJ,176,6,jun,summer,Alliaria petiolata,C,CJ_C_36,19.5,12,NA,NA,NA,NA,23.6,30.9,NA,NA,NA,16.3333333333333,11.4,143,NA,NA,NA,NA,NA
CJ,176,6,jun,summer,Alliaria petiolata,C,CJ_C_37,19,12,NA,NA,NA,NA,23.6,30.9,NA,NA,NA,18.7333333333333,13.7333333333333,171.333333333333,sum_ros,ros,3,NA,NA
CJ,176,6,jun,summer,Alliaria petiolata,C,CJ_C_38,18.8,12,NA,NA,NA,NA,23.6,30.9,NA,NA,NA,20.4,15.133333333333301,186,sum_ros,ros,2,NA,NA
CJ,176,6,jun,summer,Alliaria petiolata,C,CJ_C_39,18.9,12,NA,NA,NA,NA,23.6,30.9,NA,NA,NA,9.83333333333333,5.5,89.6666666666667,sen,rep,100,NA,NA
CJ,176,6,jun,summer,Alliaria petiolata,C,CJ_C_40,20.1,12,NA,NA,NA,NA,23.6,30.9,NA,NA,NA,13.2666666666667,8.6,119.333333333333,sen,rep,36,NA,NA
CJ,176,6,jun,summer,Alliaria petiolata,C,CJ_C_41,19.3,12,NA,NA,NA,NA,23.6,30.9,NA,NA,NA,12,7.46666666666667,112.333333333333,sum_ros,ros,1.5,NA,NA
CJ,176,6,jun,summer,Alliaria petiolata,C,CJ_C_42,19.1,12,NA,NA,NA,NA,23.6,30.9,NA,NA,NA,17.2333333333333,15.2666666666667,156.666666666667,sen,rep,66,NA,NA
CJ,187,7,jul,summer,Alliaria petiolata,C,CJ_C_43,18,13,28.4,NA,NA,NA,23.9,34.7,NA,NA,NA,16.4666666666667,11.5333333333333,149.333333333333,NA,NA,NA,NA,NA
CJ,187,7,jul,summer,Alliaria petiolata,C,CJ_C_44,17.6,13,29.3,NA,NA,NA,23.9,34.7,NA,NA,NA,21.1,15.6666666666667,192,NA,NA,NA,NA,NA
CJ,187,7,jul,summer,Alliaria petiolata,C,CJ_C_45,17.9,13,29.4,NA,NA,NA,23.9,34.7,NA,NA,NA,21.0333333333333,16.0333333333333,193.666666666667,sum_ros,ros,0.5,NA,NA
CJ,187,7,jul,summer,Alliaria petiolata,C,CJ_C_46,17.8,13,28.2,NA,NA,NA,23.9,34.7,NA,NA,NA,23.0666666666667,17.7666666666667,216.333333333333,sum_ros,ros,0.5,NA,NA
CJ,206,7,jul,summer,Alliaria petiolata,C,CJ_C_47,NA,NA,NA,NA,NA,NA,20.1,26.5,NA,NA,NA,21.3,15.9,201.333333333333,NA,NA,NA,NA,NA
CJ,206,7,jul,summer,Alliaria petiolata,C,CJ_C_48,NA,NA,NA,NA,NA,NA,20.1,26.5,NA,NA,NA,25.8666666666667,20.2,250.333333333333,NA,NA,NA,NA,NA
CJ,206,7,jul,summer,Alliaria petiolata,C,CJ_C_49,NA,NA,NA,NA,NA,NA,20.1,26.5,NA,NA,NA,20.8666666666667,15.633333333333301,192.666666666667,sum_ros,ros,0.5,NA,NA
CJ,206,7,jul,summer,Alliaria petiolata,C,CJ_C_50,NA,NA,NA,NA,NA,NA,20.1,26.5,NA,NA,NA,25.1,18.8666666666667,241,sum_ros,ros,0.5,NA,NA
CJ,225,8,aug,summer,Alliaria petiolata,C,CJ_C_51,17.1,11,24.4,NA,NA,NA,21.5,29.6,NA,NA,NA,23.7333333333333,18.1666666666667,227,NA,NA,NA,NA,NA
CJ,225,8,aug,summer,Alliaria petiolata,C,CJ_C_52,17.1,11,24.9,NA,NA,NA,21.5,29.6,NA,NA,NA,21.9333333333333,16.7666666666667,200.666666666667,NA,NA,NA,NA,NA
CJ,225,8,aug,summer,Alliaria petiolata,C,CJ_C_53,17.1,11,24.3,NA,NA,NA,21.5,29.6,NA,NA,NA,26.9666666666667,21.1666666666667,266,NA,NA,NA,NA,NA
CJ,225,8,aug,summer,Alliaria petiolata,C,CJ_C_54,17.3,11,23.5,NA,NA,NA,21.5,29.6,NA,NA,NA,22.7666666666667,17.3333333333333,214.666666666667,sum_ros,ros,1,NA,NA
CJ,225,8,aug,summer,Alliaria petiolata,C,CJ_C_55,17.3,11,23.1,NA,NA,NA,21.5,29.6,NA,NA,NA,23.2,17.7333333333333,217,sum_ros,ros,0.8,NA,NA
CJ,241,8,aug,summer,Alliaria petiolata,C,CJ_C_56,20.1,13,29.8,NA,NA,NA,25,33.4,NA,NA,NA,17.6333333333333,12.6,157.333333333333,sum_ros,ros,0.5,NA,NA
CJ,241,8,aug,summer,Alliaria petiolata,C,CJ_C_57,20.1,13,29.5,NA,NA,NA,25,33.4,NA,NA,NA,9.1,4.8,82.3333333333333,NA,NA,NA,NA,NA
CJ,241,8,aug,summer,Alliaria petiolata,C,CJ_C_58,20.1,13,29.8,NA,NA,NA,25,33.4,NA,NA,NA,17.6333333333333,12.6,157.333333333333,NA,NA,NA,NA,NA
CJ,241,8,aug,summer,Alliaria petiolata,C,CJ_C_59,20,13,30.8,NA,NA,NA,25,33.4,NA,NA,NA,8.6,4.3,78.6666666666667,sum_ros,ros,0.4,NA,NA
CJ,241,8,aug,summer,Alliaria petiolata,C,CJ_C_60,19.1,13,30.8,NA,NA,NA,25,33.4,NA,NA,NA,12.9,8.33333333333333,113.333333333333,sum_ros,ros,0.5,NA,NA
CJ,241,8,aug,summer,Alliaria petiolata,C,CJ_C_61,19.1,13,30.8,NA,NA,NA,25,33.4,NA,NA,NA,12.9,8.33333333333333,113.333333333333,sum_ros,ros,0.3,NA,NA
CJ,257,9,sep,autumn,Alliaria petiolata,C,CJ_C_62,16,12,20.8,NA,NA,NA,17.5,24.4,NA,NA,NA,20.3666666666667,15.0666666666667,186,aut_ros,ros,0,NA,NA
CJ,257,9,sep,autumn,Alliaria petiolata,C,CJ_C_63,16.2,12,20.8,NA,NA,NA,17.5,24.4,NA,NA,NA,26.8,21,263.333333333333,NA,NA,NA,NA,NA
CJ,257,9,sep,autumn,Alliaria petiolata,C,CJ_C_64,16.2,12,20.5,NA,NA,NA,17.5,24.4,NA,NA,NA,17.9333333333333,12.9666666666667,164.333333333333,aut_ros,ros,0.5,NA,NA
CJ,257,9,sep,autumn,Alliaria petiolata,C,CJ_C_65,16.1,12,20.5,NA,NA,NA,17.5,24.4,NA,NA,NA,20.3666666666667,15.133333333333301,185,aut_ros,ros,0.7,NA,NA
CJ,278,10,oct,autumn,Alliaria petiolata,C,CJ_C_66,15.5,13,19.7,NA,NA,NA,19,27.7,NA,NA,NA,26.5333333333333,20.7333333333333,263,NA,NA,NA,NA,NA
CJ,278,10,oct,autumn,Alliaria petiolata,C,CJ_C_67,15.7,13,20.2,NA,NA,NA,19,27.7,NA,NA,NA,16.3333333333333,11.4333333333333,146.333333333333,aut_ros,ros,1,NA,NA
CJ,278,10,oct,autumn,Alliaria petiolata,C,CJ_C_68,15.5,13,20,NA,NA,NA,19,27.7,NA,NA,NA,27.5333333333333,21.6666666666667,273.666666666667,NA,NA,NA,NA,NA
CJ,278,10,oct,autumn,Alliaria petiolata,C,CJ_C_69,15.4,13,20.5,NA,NA,NA,19,27.7,NA,NA,NA,16.0666666666667,11.4666666666667,146,aut_ros,ros,0.5,NA,NA
CJ,70,3,mar,spring,Alliaria petiolata,SO,CJ_SO_1,9.1,14,NA,NA,NA,NA,12.5,21.4,9.95833333333333,18.5,18.5,36.6666666666667,30.0333333333333,407.666666666667,NA,NA,NA,NA,NA
CJ,70,3,mar,spring,Alliaria petiolata,SO,CJ_SO_2,9,14,NA,NA,NA,NA,12.5,21.4,9.95833333333333,18.5,18.5,28.5333333333333,22.6333333333333,287.333333333333,NA,NA,NA,NA,NA
CJ,70,3,mar,spring,Alliaria petiolata,SO,CJ_SO_3,9.6,14,NA,NA,NA,NA,12.5,21.4,9.95833333333333,18.5,18.5,38.2666666666667,34.2666666666667,476.666666666667,veg,rep,7,NA,NA
CJ,70,3,mar,spring,Alliaria petiolata,SO,CJ_SO_4,10.4,14,NA,NA,NA,NA,12.5,21.4,9.95833333333333,18.5,18.5,27.7666666666667,22.6,274.333333333333,veg,rep,2,NA,NA
CJ,85,3,mar,spring,Alliaria petiolata,SO,CJ_SO_5,8.6,14,18.2,NA,NA,NA,9.3,18.1,7.79166666666667,15.5,14.75,43.5,36.3333333333333,514.666666666667,NA,NA,NA,NA,NA
CJ,85,3,mar,spring,Alliaria petiolata,SO,CJ_SO_6,8.4,14,19,NA,NA,NA,9.3,18.1,7.79166666666667,15.5,14.75,51.2,43.2,622,rep,rep,24,NA,NA
CJ,85,3,mar,spring,Alliaria petiolata,SO,CJ_SO_7,9.4,14,18,NA,NA,NA,9.3,18.1,7.79166666666667,15.5,14.75,34.7,26.5333333333333,352.666666666667,rep,rep,21,NA,NA
CJ,85,3,mar,spring,Alliaria petiolata,SO,CJ_SO_8,8.3,14,15.6,NA,NA,NA,9.3,18.1,7.79166666666667,15.5,14.75,23,17.6666666666667,220.666666666667,rep,rep,21,NA,NA
CJ,99,4,apr,spring,Alliaria petiolata,SO,CJ_SO_9,9.7,12,22,NA,NA,NA,13.7,23.5,12.6458333333333,41.5,24.5,31.6,25.4,330.333333333333,rep,rep,39.5,NA,NA
CJ,99,4,apr,spring,Alliaria petiolata,SO,CJ_SO_10,9.4,12,23.5,NA,NA,NA,13.7,23.5,12.6458333333333,41.5,24.5,36.1666666666667,29.5666666666667,398.333333333333,NA,NA,NA,NA,NA
CJ,99,4,apr,spring,Alliaria petiolata,SO,CJ_SO_11,9.9,12,20.9,NA,NA,NA,13.7,23.5,12.6458333333333,41.5,24.5,22.8,17.3,212,rep,rep,47.5,NA,NA
CJ,99,4,apr,spring,Alliaria petiolata,SO,CJ_SO_12,10.5,12,21.9,NA,NA,NA,13.7,23.5,12.6458333333333,41.5,24.5,18.6666666666667,13.3333333333333,169.333333333333,rep,rep,48.5,NA,NA
CJ,113,4,apr,spring,Alliaria petiolata,SO,CJ_SO_13,9,13,21.1,NA,NA,NA,13.9,22.9,12.7708333333333,32.5,30,34.1666666666667,27.8,370,NA,NA,NA,NA,NA
CJ,113,4,apr,spring,Alliaria petiolata,SO,CJ_SO_14,9.8,13,22.5,NA,NA,NA,13.9,22.9,12.7708333333333,32.5,30,33.3666666666667,27.1,358,rep,rep,57,NA,NA
CJ,113,4,apr,spring,Alliaria petiolata,SO,CJ_SO_15,8.8,13,22.3,NA,NA,NA,13.9,22.9,12.7708333333333,32.5,30,31.5666666666667,25.4,337.666666666667,rep,rep,105,NA,NA
CJ,113,4,apr,spring,Alliaria petiolata,SO,CJ_SO_16,9.6,13,20.3,NA,NA,NA,13.9,22.9,12.7708333333333,32.5,30,28.4333333333333,22.4666666666667,286.666666666667,rep,rep,61,NA,NA
CJ,127,5,may,spring,Alliaria petiolata,SO,CJ_SO_17,11.2,12,17.7,NA,NA,NA,14.4,21.4,12.5416666666667,20,17.25,43.5333333333333,36.2333333333333,510.666666666667,NA,NA,NA,NA,NA
CJ,127,5,may,spring,Alliaria petiolata,SO,CJ_SO_18,11.1,12,20.9,NA,NA,NA,14.4,21.4,12.5416666666667,20,17.25,39.5666666666667,32.7333333333333,443,NA,NA,NA,NA,NA
CJ,127,5,may,spring,Alliaria petiolata,SO,CJ_SO_19,10.8,12,15.1,NA,NA,NA,14.4,21.4,12.5416666666667,20,17.25,45.5,38.2666666666667,542.666666666667,rep,rep,73.5,NA,NA
CJ,127,5,may,spring,Alliaria petiolata,SO,CJ_SO_20,11.5,12,16.2,NA,NA,NA,14.4,21.4,12.5416666666667,20,17.25,28.1333333333333,21.8,275.333333333333,rep,rep,96,NA,NA
CJ,141,5,may,spring,Alliaria petiolata,SO,CJ_SO_21,13.5,13,25.1,NA,NA,NA,16.5,24.8,15.2083333333333,28,26.25,29.5,23.4666666666667,309,NA,NA,NA,NA,NA
CJ,141,5,may,spring,Alliaria petiolata,SO,CJ_SO_22,13.4,13,24.5,NA,NA,NA,16.5,24.8,15.2083333333333,28,26.25,32.3333333333333,26,342.666666666667,NA,NA,NA,NA,NA
CJ,141,5,may,spring,Alliaria petiolata,SO,CJ_SO_23,15.1,13,22.8,NA,NA,NA,16.5,24.8,15.2083333333333,28,26.25,20.2666666666667,15.0666666666667,184,rep,rep,65,NA,NA
CJ,141,5,may,spring,Alliaria petiolata,SO,CJ_SO_24,13,13,24.2,NA,NA,NA,16.5,24.8,15.2083333333333,28,26.25,34.0666666666667,27.7,368,rep,rep,99,NA,NA
CJ,162,6,jun,summer,Alliaria petiolata,SO,CJ_SO_27,18.7,16,29.5,NA,NA,NA,24.4,32.6,23.7291666666667,45.5,27.25,25.1333333333333,19.4333333333333,241,sen,rep,82,NA,NA
CJ,162,6,jun,summer,Alliaria petiolata,SO,CJ_SO_28,17.9,16,29.3,NA,NA,NA,24.4,32.6,23.7291666666667,45.5,27.25,26.2,20.4666666666667,256,sen,rep,57,NA,NA
CJ,167,6,jun,summer,Alliaria petiolata,SO,CJ_SO_31,NA,NA,NA,NA,NA,NA,25.8,33.8,24.1041666666667,36,29.75,20.0333333333333,14.8666666666667,183.333333333333,rep,rep,40,NA,NA
CJ,167,6,jun,summer,Alliaria petiolata,SO,CJ_SO_32,NA,NA,NA,NA,NA,NA,25.8,33.8,24.1041666666667,36,29.75,20.7,15.5,191.333333333333,sen,rep,106,NA,NA
CJ,176,6,jun,summer,Alliaria petiolata,SO,CJ_SO_35,18.9,16,NA,NA,NA,NA,23.6,30.9,23.5,31,26.5,15.5666666666667,10.633333333333301,137,sen,rep,82,NA,NA
CJ,187,7,jul,summer,Alliaria petiolata,SO,CJ_SO_36,18.5,13,32.3,NA,NA,NA,23.9,34.7,23.1875,40.5,38.5,17.4666666666667,12.5333333333333,156.666666666667,sum_ros,ros,0.5,NA,NA
CJ,187,7,jul,summer,Alliaria petiolata,SO,CJ_SO_37,18.8,13,32.1,NA,NA,NA,23.9,34.7,23.1875,40.5,38.5,19.1333333333333,14.7333333333333,182.666666666667,sum_ros,ros,0.5,NA,NA
CJ,206,7,jul,summer,Alliaria petiolata,SO,CJ_SO_39,NA,NA,NA,NA,NA,NA,20.1,26.5,20,27,26,29.7333333333333,23.6,304.666666666667,sum_ros,ros,0.5,NA,NA
CJ,206,7,jul,summer,Alliaria petiolata,SO,CJ_SO_40,NA,NA,NA,NA,NA,NA,20.1,26.5,20,27,26,32,25.8,336.333333333333,sum_ros,ros,0.5,NA,NA
CJ,206,7,jul,summer,Alliaria petiolata,SO,CJ_SO_41,NA,NA,NA,NA,NA,NA,20.1,26.5,20,27,26,15.4666666666667,10.7,135.333333333333,sum_ros,ros,0.5,NA,NA
CJ,206,7,jul,summer,Alliaria petiolata,SO,CJ_SO_42,NA,NA,NA,NA,NA,NA,20.1,26.5,20,27,26,32.2,26,343.333333333333,sum_ros,ros,0.5,NA,NA
CJ,225,8,aug,summer,Alliaria petiolata,SO,CJ_SO_43,20.4,13,35,NA,NA,NA,21.5,29.6,19.6041666666667,29.5,28.5,22.9333333333333,17.4,215.666666666667,NA,NA,NA,NA,NA
CJ,225,8,aug,summer,Alliaria petiolata,SO,CJ_SO_44,20.8,13,31.7,NA,NA,NA,21.5,29.6,19.6041666666667,29.5,28.5,29.5666666666667,23.5,300,NA,NA,NA,NA,NA
CJ,225,8,aug,summer,Alliaria petiolata,SO,CJ_SO_45,17.9,13,22.9,NA,NA,NA,21.5,29.6,19.6041666666667,29.5,28.5,28.9333333333333,22.9333333333333,292,sum_ros,ros,1.8,NA,NA
CJ,225,8,aug,summer,Alliaria petiolata,SO,CJ_SO_46,18.4,13,28.2,NA,NA,NA,21.5,29.6,19.6041666666667,29.5,28.5,28.7666666666667,22.8333333333333,290.666666666667,sum_ros,ros,1.2,NA,NA
CJ,241,8,aug,summer,Alliaria petiolata,SO,CJ_SO_47,21.4,12,31.4,NA,NA,NA,25,33.4,24.1875,34.5,33.25,8.23333333333333,3.96666666666667,75.6666666666667,sum_ros,ros,0.5,NA,NA
CJ,241,8,aug,summer,Alliaria petiolata,SO,CJ_SO_48,21.7,12,30.8,NA,NA,NA,25,33.4,24.1875,34.5,33.25,11.2,7,100.333333333333,NA,NA,NA,NA,NA
CJ,241,8,aug,summer,Alliaria petiolata,SO,CJ_SO_49,20.4,12,33,NA,NA,NA,25,33.4,24.1875,34.5,33.25,13.3666666666667,8.66666666666667,117,sum_ros,ros,0.5,NA,NA
CJ,241,8,aug,summer,Alliaria petiolata,SO,CJ_SO_50,21.9,12,36,NA,NA,NA,25,33.4,24.1875,34.5,33.25,11.0666666666667,6.4,66,sum_ros,ros,0.3,NA,NA
CJ,257,9,sep,autumn,Alliaria petiolata,SO,CJ_SO_51,16.9,11,22.2,NA,NA,NA,17.5,24.4,15.9583333333333,22,21,23.9333333333333,18.3333333333333,227.333333333333,NA,NA,NA,NA,NA
CJ,257,9,sep,autumn,Alliaria petiolata,SO,CJ_SO_52,17.2,11,20.5,NA,NA,NA,17.5,24.4,15.9583333333333,22,21,29.1333333333333,23.2,298.333333333333,NA,NA,NA,NA,NA
CJ,257,9,sep,autumn,Alliaria petiolata,SO,CJ_SO_53,17.1,11,22.2,NA,NA,NA,17.5,24.4,15.9583333333333,22,21,30.8666666666667,24.7,321,aut_ros,ros,0.5,NA,NA
CJ,257,9,sep,autumn,Alliaria petiolata,SO,CJ_SO_54,17.3,11,22.2,NA,NA,NA,17.5,24.4,15.9583333333333,22,21,NA,NA,NA,aut_ros,ros,0,NA,NA
CJ,278,10,oct,autumn,Alliaria petiolata,SO,CJ_SO_55,15.4,12,18.5,NA,NA,NA,19,27.7,15.4166666666667,20,19.75,30.4,24.4,316.666666666667,aut_ros,ros,0.5,NA,NA
CJ,278,10,oct,autumn,Alliaria petiolata,SO,CJ_SO_56,15.4,12,22.8,NA,NA,NA,19,27.7,15.4166666666667,20,19.75,40.9333333333333,34,474,aut_ros,ros,0.5,NA,NA
CJ,278,10,oct,autumn,Alliaria petiolata,SO,CJ_SO_57,15.7,12,17.5,NA,NA,NA,19,27.7,15.4166666666667,20,19.75,50,39.2,554.333333333333,aut_ros,ros,2,NA,NA
CJ,278,10,oct,autumn,Alliaria petiolata,SO,CJ_SO_58,15.8,12,19.7,NA,NA,NA,19,27.7,15.4166666666667,20,19.75,35.5666666666667,29.0666666666667,390.666666666667,aut_ros,ros,1,NA,NA
CJ,70,3,mar,spring,Alliaria petiolata,O,CJ_O_1,10.2,15,NA,NA,NA,NA,12.5,21.4,NA,NA,27.25,39.1333333333333,32.4,445.333333333333,NA,NA,NA,NA,NA
CJ,70,3,mar,spring,Alliaria petiolata,O,CJ_O_2,10.6,15,NA,NA,NA,NA,12.5,21.4,NA,NA,27.25,37.6,32.2666666666667,445.333333333333,NA,NA,NA,NA,NA
CJ,70,3,mar,spring,Alliaria petiolata,O,CJ_O_3,10.4,15,NA,NA,NA,NA,12.5,21.4,NA,NA,27.25,26.1333333333333,20.5333333333333,262,veg,rep,9,NA,NA
CJ,70,3,mar,spring,Alliaria petiolata,O,CJ_O_4,11.2,15,NA,NA,NA,NA,12.5,21.4,NA,NA,27.25,36.3,29.7666666666667,402.333333333333,veg,rep,7.5,NA,NA
CJ,85,3,mar,spring,Alliaria petiolata,O,CJ_O_5,9.5,13,15.5,NA,NA,NA,9.3,18.1,9.89583333333333,23.5,23,45.6333333333333,38.2666666666667,546.666666666667,NA,NA,NA,NA,NA
CJ,85,3,mar,spring,Alliaria petiolata,O,CJ_O_6,9.9,13,18.3,NA,NA,NA,9.3,18.1,9.89583333333333,23.5,23,46.7666666666667,39.5,564.333333333333,rep,rep,25.5,NA,NA
CJ,85,3,mar,spring,Alliaria petiolata,O,CJ_O_7,9.6,13,20.4,NA,NA,NA,9.3,18.1,9.89583333333333,23.5,23,50.4,42.4333333333333,609.333333333333,veg,rep,NA,NA,NA
CJ,85,3,mar,spring,Alliaria petiolata,O,CJ_O_8,9,13,19.5,NA,NA,NA,9.3,18.1,9.89583333333333,23.5,23,47.2,40,574.666666666667,rep,rep,25,NA,NA
CJ,99,4,apr,spring,Alliaria petiolata,O,CJ_O_9,23.5,15,24.9,NA,NA,NA,13.7,23.5,13.0625,24.5,23.75,34.7333333333333,28.2666666666667,346.666666666667,NA,NA,NA,NA,NA
CJ,99,4,apr,spring,Alliaria petiolata,O,CJ_O_10,27.5,15,25.5,NA,NA,NA,13.7,23.5,13.0625,24.5,23.75,32.5666666666667,26.2666666666667,344.333333333333,NA,NA,NA,NA,NA
CJ,99,4,apr,spring,Alliaria petiolata,O,CJ_O_11,20,15,27.4,NA,NA,NA,13.7,23.5,13.0625,24.5,23.75,47.8666666666667,40.2666666666667,576.333333333333,rep,rep,34,NA,NA
CJ,99,4,apr,spring,Alliaria petiolata,O,CJ_O_12,NA,NA,23.7,NA,NA,NA,13.7,23.5,13.0625,24.5,23.75,38.5,31.8,435.333333333333,rep,rep,53,NA,NA
CJ,113,4,apr,spring,Alliaria petiolata,O,CJ_O_13,11.4,16,22.8,NA,NA,NA,13.9,22.9,12.875,23.5,19.5,32.3333333333333,26.1333333333333,344.666666666667,NA,NA,NA,NA,NA
CJ,113,4,apr,spring,Alliaria petiolata,O,CJ_O_14,11.6,16,24.1,NA,NA,NA,13.9,22.9,12.875,23.5,19.5,33.7666666666667,27.4,364,NA,NA,NA,NA,NA
CJ,113,4,apr,spring,Alliaria petiolata,O,CJ_O_15,11.4,16,21.9,NA,NA,NA,13.9,22.9,12.875,23.5,19.5,23,17.2,219.666666666667,rep,rep,91,NA,NA
CJ,113,4,apr,spring,Alliaria petiolata,O,CJ_O_16,11.1,16,22,NA,NA,NA,13.9,22.9,12.875,23.5,19.5,26.7666666666667,21.0666666666667,263,rep,rep,39,NA,NA
CJ,127,5,may,spring,Alliaria petiolata,O,CJ_O_17,12.1,15,18.3,NA,NA,NA,14.4,21.4,12.5208333333333,20,18.75,32.5666666666667,26.4,354.666666666667,NA,NA,NA,NA,NA
CJ,127,5,may,spring,Alliaria petiolata,O,CJ_O_18,12.1,15,19.3,NA,NA,NA,14.4,21.4,12.5208333333333,20,18.75,37.4,30.8333333333333,421.333333333333,NA,NA,NA,NA,NA
CJ,127,5,may,spring,Alliaria petiolata,O,CJ_O_19,11.8,15,20.6,NA,NA,NA,14.4,21.4,12.5208333333333,20,18.75,28.5,22.7333333333333,297.333333333333,rep,rep,52,NA,NA
CJ,127,5,may,spring,Alliaria petiolata,O,CJ_O_20,12,15,18.5,NA,NA,NA,14.4,21.4,12.5208333333333,20,18.75,37.6666666666667,31.0666666666667,424.666666666667,rep,rep,55,NA,NA
CJ,141,5,may,spring,Alliaria petiolata,O,CJ_O_21,13.4,16,22.3,NA,NA,NA,16.5,24.8,14.75,24,21.5,12.2666666666667,10.8,137.666666666667,NA,NA,NA,NA,NA
CJ,141,5,may,spring,Alliaria petiolata,O,CJ_O_22,14.3,16,NA,NA,NA,NA,16.5,24.8,14.75,24,21.5,22.4666666666667,17,210.666666666667,NA,NA,NA,NA,NA
CJ,141,5,may,spring,Alliaria petiolata,O,CJ_O_23,13.7,16,23.2,NA,NA,NA,16.5,24.8,14.75,24,21.5,23.6333333333333,18.0666666666667,222,rep,rep,63,NA,NA
CJ,141,5,may,spring,Alliaria petiolata,O,CJ_O_24,13.7,16,23,NA,NA,NA,16.5,24.8,14.75,24,21.5,23.8666666666667,18.2333333333333,225.666666666667,rep,rep,61,NA,NA
CJ,162,6,jun,summer,Alliaria petiolata,O,CJ_O_25,18.1,16,NA,NA,NA,NA,24.4,32.6,22.1875,32,31,NA,NA,NA,sen,rep,50,NA,NA
CJ,162,6,jun,summer,Alliaria petiolata,O,CJ_O_26,18.8,16,NA,NA,NA,NA,24.4,32.6,22.1875,32,31,NA,NA,NA,NA,NA,NA,NA,NA
CJ,162,6,jun,summer,Alliaria petiolata,O,CJ_O_27,18.1,16,29,NA,NA,NA,24.4,32.6,22.1875,32,31,9.96666666666667,5.53333333333333,89,NA,NA,NA,NA,NA
CJ,167,6,jun,summer,Alliaria petiolata,O,CJ_O_30,NA,NA,NA,NA,NA,NA,25.8,33.8,23.5625,32,28,12.8333333333333,8.13333333333333,112.333333333333,NA,NA,NA,NA,NA
CJ,167,6,jun,summer,Alliaria petiolata,O,CJ_O_31,NA,NA,NA,NA,NA,NA,25.8,33.8,23.5625,32,28,15.4333333333333,8.73333333333333,119,NA,NA,NA,NA,NA
CJ,167,6,jun,summer,Alliaria petiolata,O,CJ_O_32,NA,NA,NA,NA,NA,NA,25.8,33.8,23.5625,32,28,11.133333333333301,9.73333333333333,113.333333333333,NA,NA,NA,NA,NA
CJ,167,6,jun,summer,Alliaria petiolata,O,CJ_O_33,NA,NA,NA,NA,NA,NA,25.8,33.8,23.5625,32,28,7.1,2.96666666666667,67.6666666666667,NA,NA,NA,NA,NA
CJ,167,6,jun,summer,Alliaria petiolata,O,CJ_O_34,NA,NA,NA,NA,NA,NA,25.8,33.8,23.5625,32,28,4.53333333333333,0.933333333333333,50,sen,rep,74,NA,NA
CJ,167,6,jun,summer,Alliaria petiolata,O,CJ_O_35,NA,NA,NA,NA,NA,NA,25.8,33.8,23.5625,32,28,14.3666666666667,9.3,88.3333333333333,sen,rep,36.5,NA,NA
CJ,167,6,jun,summer,Alliaria petiolata,O,CJ_O_36,NA,NA,NA,NA,NA,NA,25.8,33.8,23.5625,32,28,NA,NA,NA,sen,rep,70,NA,NA
CJ,176,6,jun,summer,Alliaria petiolata,O,CJ_O_40,19.1,11,NA,NA,NA,NA,23.6,30.9,22.5208333333333,29.5,23.25,14.3666666666667,9.6,126.333333333333,NA,NA,NA,NA,NA
CJ,176,6,jun,summer,Alliaria petiolata,O,CJ_O_41,18.2,11,NA,NA,NA,NA,23.6,30.9,22.5208333333333,29.5,23.25,7.33333333333333,3.23333333333333,70.6666666666667,NA,NA,NA,NA,NA
CJ,176,6,jun,summer,Alliaria petiolata,O,CJ_O_42,18.9,11,NA,NA,NA,NA,23.6,30.9,22.5208333333333,29.5,23.25,13.1,8.5,116,sum_ros,ros,1.5,NA,NA
CJ,176,6,jun,summer,Alliaria petiolata,O,CJ_O_43,18.4,11,NA,NA,NA,NA,23.6,30.9,22.5208333333333,29.5,23.25,11.4666666666667,6.9,101.333333333333,sum_ros,ros,2,NA,NA
CJ,187,7,jul,summer,Alliaria petiolata,O,CJ_O_44,17.4,12,26.8,NA,NA,NA,23.9,34.7,21.7708333333333,31,31,18.4,13.6666666666667,160.333333333333,NA,NA,NA,NA,NA
CJ,187,7,jul,summer,Alliaria petiolata,O,CJ_O_45,16.7,12,24.4,NA,NA,NA,23.9,34.7,21.7708333333333,31,31,6.26666666666667,2.2,62,NA,NA,NA,NA,NA
CJ,187,7,jul,summer,Alliaria petiolata,O,CJ_O_46,17.2,12,27,NA,NA,NA,23.9,34.7,21.7708333333333,31,31,7.46666666666667,3.66666666666667,73,sum_ros,ros,0.5,NA,NA
CJ,187,7,jul,summer,Alliaria petiolata,O,CJ_O_47,16.5,12,27.4,NA,NA,NA,23.9,34.7,21.7708333333333,31,31,9.13333333333333,4.83333333333333,86,sum_ros,ros,0.5,NA,NA
CJ,187,7,jul,summer,Alliaria petiolata,O,CJ_O_48,16.5,12,27.4,NA,NA,NA,23.9,34.7,21.7708333333333,31,31,NA,NA,NA,sen,rep,NA,NA,NA
CJ,206,7,jul,summer,Alliaria petiolata,O,CJ_O_49,NA,NA,NA,NA,NA,NA,20.1,26.5,18.6041666666667,23,21.25,28.8,23.9333333333333,298.333333333333,NA,NA,NA,NA,NA
CJ,206,7,jul,summer,Alliaria petiolata,O,CJ_O_50,NA,NA,NA,NA,NA,NA,20.1,26.5,18.6041666666667,23,21.25,13.1666666666667,8.53333333333333,114.666666666667,sum_ros,ros,0.5,NA,NA
CJ,206,7,jul,summer,Alliaria petiolata,O,CJ_O_51,NA,NA,NA,NA,NA,NA,20.1,26.5,18.6041666666667,23,21.25,16.7333333333333,11.7,149.666666666667,sum_ros,ros,0.5,NA,NA
CJ,206,7,jul,summer,Alliaria petiolata,O,CJ_O_52,NA,NA,NA,NA,NA,NA,20.1,26.5,18.6041666666667,23,21.25,13.9333333333333,9.66666666666667,133.333333333333,sum_ros,ros,0.5,NA,NA
CJ,225,8,aug,summer,Alliaria petiolata,O,CJ_O_53,18.8,14,30.2,NA,NA,NA,21.5,29.6,19.875,29,27.75,14.9333333333333,10.1666666666667,130,NA,NA,NA,NA,NA
CJ,225,8,aug,summer,Alliaria petiolata,O,CJ_O_54,18.6,14,29.8,NA,NA,NA,21.5,29.6,19.875,29,27.75,8.46666666666667,4.2,77.3333333333333,NA,NA,NA,NA,NA
CJ,225,8,aug,summer,Alliaria petiolata,O,CJ_O_55,18,14,32.9,NA,NA,NA,21.5,29.6,19.875,29,27.75,11.9666666666667,7.46666666666667,106,sum_ros,ros,0.8,NA,NA
CJ,225,8,aug,summer,Alliaria petiolata,O,CJ_O_56,18.1,14,31.7,NA,NA,NA,21.5,29.6,19.875,29,27.75,17.6666666666667,12.633333333333301,164,sum_ros,ros,1.5,NA,NA
CJ,241,8,aug,summer,Alliaria petiolata,O,CJ_O_57,21,15,32.7,NA,NA,NA,25,33.4,24.4166666666667,33.5,31,10.4333333333333,6.03333333333333,93.3333333333333,NA,NA,NA,NA,NA
CJ,241,8,aug,summer,Alliaria petiolata,O,CJ_O_58,19.4,15,32.7,NA,NA,NA,25,33.4,24.4166666666667,33.5,31,6.73333333333333,2.63333333333333,66.6666666666667,NA,NA,NA,NA,NA
CJ,257,9,sep,autumn,Alliaria petiolata,O,CJ_O_63,16.3,10,20.2,NA,NA,NA,17.5,24.4,16.0416666666667,23,21.25,17.6,12.6,156.333333333333,NA,NA,NA,NA,NA
CJ,257,9,sep,autumn,Alliaria petiolata,O,CJ_O_64,16.8,10,20.5,NA,NA,NA,17.5,24.4,16.0416666666667,23,21.25,14.6666666666667,9.86666666666667,140,NA,NA,NA,NA,NA
CJ,257,9,sep,autumn,Alliaria petiolata,O,CJ_O_65,16.6,10,20.8,NA,NA,NA,17.5,24.4,16.0416666666667,23,21.25,17.2,12.2666666666667,152.666666666667,aut_ros,ros,0,NA,NA
CJ,257,9,sep,autumn,Alliaria petiolata,O,CJ_O_66,16.7,10,21.2,NA,NA,NA,17.5,24.4,16.0416666666667,23,21.25,14.0333333333333,9.3,123,aut_ros,ros,0.5,NA,NA
CJ,278,10,oct,autumn,Alliaria petiolata,O,CJ_O_67,17.2,15,25.3,NA,NA,NA,19,27.7,17.2916666666667,29,27.75,19.6333333333333,14.5333333333333,176.666666666667,aut_ros,ros,0.5,NA,NA
CJ,278,10,oct,autumn,Alliaria petiolata,O,CJ_O_68,16.8,15,28.7,NA,NA,NA,19,27.7,17.2916666666667,29,27.75,11.5333333333333,7.03333333333333,102,aut_ros,ros,0.5,NA,NA
CJ,278,10,oct,autumn,Alliaria petiolata,O,CJ_O_69,16.6,15,26.7,NA,NA,NA,19,27.7,17.2916666666667,29,27.75,13.8666666666667,9.2,123,aut_ros,ros,0.5,NA,NA
CJ,278,10,oct,autumn,Alliaria petiolata,O,CJ_O_70,16.8,15,29.6,NA,NA,NA,19,27.7,17.2916666666667,29,27.75,16.7,11.7333333333333,146.333333333333,aut_ros,ros,0.5,NA,NA
CJ,278,10,oct,autumn,Alliaria petiolata,O,CJ_O_71,16.6,15,29.6,NA,NA,NA,19,27.7,17.2916666666667,29,27.75,16.7,11.7333333333333,146.333333333333,aut_ros,ros,0.5,NA,NA
AE,61,3,mar,spring,Lepidium draba,SC,AE_SC_1,11.1,16,NA,NA,NA,NA,9,18.1,NA,NA,NA,57.6,49.3666666666667,720,NA,NA,NA,NA,NA
AE,61,3,mar,spring,Lepidium draba,SC,AE_SC_2,11.4,16,NA,NA,NA,NA,9,18.1,NA,NA,NA,42.8333333333333,36.1333333333333,492.666666666667,NA,NA,NA,NA,NA
AE,61,3,mar,spring,Lepidium draba,SC,AE_SC_3,11.2,16,NA,NA,NA,NA,9,18.1,NA,NA,NA,57.6333333333333,49.3,719.333333333333,veg,rep,2.5,NA,NA
AE,61,3,mar,spring,Lepidium draba,SC,AE_SC_4,11.1,16,NA,NA,NA,NA,9,18.1,NA,NA,NA,40.1333333333333,33.2,460,veg,rep,1.5,NA,NA
AE,76,3,mar,spring,Lepidium draba,SC,AE_SC_5,12.3,15,18,15.6166666666667,NA,NA,10.2,17.9,12.5833333333333,27,23.75,54.3666666666667,49,672,NA,NA,NA,NA,NA
AE,76,3,mar,spring,Lepidium draba,SC,AE_SC_6,12.6,15,17.5,15.6166666666667,NA,NA,10.2,17.9,12.5833333333333,27,23.75,41.5333333333333,38.8,514.666666666667,NA,NA,NA,NA,NA
AE,76,3,mar,spring,Lepidium draba,SC,AE_SC_7,12.5,15,20,15.5,NA,NA,10.2,17.9,12.5833333333333,27,23.75,35.4,28.5333333333333,672,veg,rep,12,NA,NA
AE,76,3,mar,spring,Lepidium draba,SC,AE_SC_8,12.6,15,18.2,15.5,NA,NA,10.2,17.9,12.5833333333333,27,23.75,47.6,39.7333333333333,566.666666666667,veg,rep,21.5,NA,NA
AE,96,4,apr,spring,Lepidium draba,SC,AE_SC_9,13.9,13,21.3,13.3666666666667,NR,NW,17.4,23.4,16.8541666666667,25,24.5,42.8333333333333,35.9,504.666666666667,NA,NA,NA,NA,NA
AE,96,4,apr,spring,Lepidium draba,SC,AE_SC_10,13.8,13,22.2,14,NR,NW,17.4,23.4,16.8541666666667,25,24.5,32.2666666666667,26.1,340.333333333333,veg,rep,59,NA,NA
AE,96,4,apr,spring,Lepidium draba,SC,AE_SC_11,13.8,13,21.9,13.6666666666667,R,NW,17.4,23.4,16.8541666666667,25,24.5,28.5333333333333,22.6,286.333333333333,veg,rep,51,NA,NA
AE,96,4,apr,spring,Lepidium draba,SC,AE_SC_12,13.9,13,22,13.6833333333333,R,W,17.4,23.4,16.8541666666667,25,24.5,23,17.6,216,veg,rep,50,NA,NA
AE,111,4,apr,spring,Lepidium draba,SC,AE_SC_13,13.1,15,17.6,15.8666666666667,NR,NW,9.6,18.1,10.375,18.5,17,22.4666666666667,17.1333333333333,215.333333333333,NA,NA,NA,NA,NA
AE,111,4,apr,spring,Lepidium draba,SC,AE_SC_14,12.5,15,16.9,16.0666666666667,NR,NW,9.6,18.1,10.375,18.5,17,15.5333333333333,10.633333333333301,137.666666666667,NA,NA,NA,NA,NA
AE,111,4,apr,spring,Lepidium draba,SC,AE_SC_15,13.4,15,17.4,16.3833333333333,NR,NW,9.6,18.1,10.375,18.5,17,16.5,12.133333333333301,152,veg,rep,80,NA,NA
AE,111,4,apr,spring,Lepidium draba,SC,AE_SC_16,13,15,17.2,16.5333333333333,NR,NW,9.6,18.1,10.375,18.5,17,18.7,13.6666666666667,168.333333333333,veg,rep,84.5,NA,NA
AE,135,5,may,spring,Lepidium draba,SC,AE_SC_17,15.9,14,24.3,14.6166666666667,NR,NW,19.1,26,18.8125,25,23.75,19.7666666666667,14.5,180,NA,NA,NA,NA,NA
AE,135,5,may,spring,Lepidium draba,SC,AE_SC_18,16,14,24.4,14.5333333333333,NR,NW,19.1,26,18.8125,25,23.75,21,15.7,192.666666666667,NA,NA,NA,NA,NA
AE,135,5,may,spring,Lepidium draba,SC,AE_SC_19,15.8,14,24.5,14.7333333333333,NR,NW,19.1,26,18.8125,25,23.75,24.1,18.5,228.666666666667,veg,rep,81,NA,NA
AE,135,5,may,spring,Lepidium draba,SC,AE_SC_20,16.1,14,24.7,14.8333333333333,R/NR,NW,19.1,26,18.8125,25,23.75,18.9,13.5333333333333,171,veg,rep,111,NA,NA
AE,153,6,jun,summer,Lepidium draba,SC,AE_SC_23,NA,NA,NA,NA,NA,NA,19,23.9,19.6875,25.5,24.5,11.5,6.86666666666667,102.333333333333,veg,rep,12.5,NA,NA
AE,153,6,jun,summer,Lepidium draba,SC,AE_SC_24,NA,NA,NA,NA,NA,NA,19,23.9,19.6875,25.5,24.5,25.1666666666667,13.4666666666667,169,veg,rep,11,NA,NA
AE,194,7,jul,summer,Lepidium draba,SC,AE_SC_25,21.5,14,28.6,14.5833333333333,NR,NW,24.4,28.7,23.9791666666667,29.5,27.25,15.3333333333333,22.5666666666667,136,sum_ros,ros,NA,NA,NA
AE,207,7,jul,summer,Lepidium draba,SC,AE_SC_26,20.9,15,29.7,15.3333333333333,NA,NA,23.6,28.3,23.6041666666667,30,27,10.6,6.2,101,sum_ros,ros,0,3,2
AE,207,7,jul,summer,Lepidium draba,SC,AE_SC_27,20.9,15,29.7,15.3333333333333,NA,NA,23.6,28.3,23.6041666666667,30,27,5.5,1.4,56,sum_ros,ros,0,2,4
AE,207,7,jul,summer,Lepidium draba,SC,AE_SC_28,20.9,15,29.7,15.3333333333333,NA,NA,23.6,28.3,23.6041666666667,30,27,8,3.6,7.4,sum_ros,ros,0,1,4
AE,207,7,jul,summer,Lepidium draba,SC,AE_SC_29,20.6,15,29.7,15.3333333333333,NA,NA,23.6,28.3,23.6041666666667,30,27,17,12.3,151,sum_ros,ros,0,4,1
AE,207,7,jul,summer,Lepidium draba,SC,AE_SC_30,20.6,15,29.7,15.3333333333333,NA,NA,23.6,28.3,23.6041666666667,30,27,13.4,9,120,sum_ros,ros,0,2,1
AE,207,7,jul,summer,Lepidium draba,SC,AE_SC_31,20.6,15,29.7,15.3333333333333,NA,NA,23.6,28.3,23.6041666666667,30,27,27.4,12,146,sum_ros,ros,0,10,2
AE,214,8,aug,summer,Lepidium draba,SC,AE_SC_32,23,15,28,15.4166666666667,NA,NA,23.6,27.9,24.6458333333333,30.5,27.75,14.2,9.4,123,sum_ros,ros,0,6.5,2
AE,214,8,aug,summer,Lepidium draba,SC,AE_SC_33,23,15,28,15.4166666666667,NA,NA,23.6,27.9,24.6458333333333,30.5,27.75,11.5,7,100,sum_ros,ros,0,4.5,2
AE,214,8,aug,summer,Lepidium draba,SC,AE_SC_34,23,15,28,15.4166666666667,NA,NA,23.6,27.9,24.6458333333333,30.5,27.75,15.8,10.9,138,sum_ros,ros,0,3.5,1
AE,214,8,aug,summer,Lepidium draba,SC,AE_SC_35,22.4,15,28,15.4166666666667,NA,NA,23.6,27.9,24.6458333333333,30.5,27.75,22.8,17.3,212,sum_ros,ros,0,4.5,2
AE,214,8,aug,summer,Lepidium draba,SC,AE_SC_36,22.4,15,28,15.4166666666667,NA,NA,23.6,27.9,24.6458333333333,30.5,27.75,20.9,15.6,198,sum_ros,ros,0,4.5,4
AE,214,8,aug,summer,Lepidium draba,SC,AE_SC_37,22.4,15,28,15.4166666666667,NA,NA,23.6,27.9,24.6458333333333,30.5,27.75,11,6.4,96,sum_ros,ros,0,4.5,2
AE,226,8,aug,summer,Lepidium draba,SC,AE_SC_38,22.4,14,NA,NA,NA,NA,22.7,31.4,23.5833333333333,37.5,30.75,18.3,13.2,162,sum_ros,ros,0,4.5,2
AE,226,8,aug,summer,Lepidium draba,SC,AE_SC_39,22.4,14,NA,NA,NA,NA,22.7,31.4,23.5833333333333,37.5,30.75,18.8,13.8,169,sum_ros,ros,0,2.6,2
AE,226,8,aug,summer,Lepidium draba,SC,AE_SC_40,22.4,14,NA,NA,NA,NA,22.7,31.4,23.5833333333333,37.5,30.75,8,3.8,74,sum_ros,ros,0,2,2
AE,226,8,aug,summer,Lepidium draba,SC,AE_SC_41,23.3,14,NA,NA,NA,NA,22.7,31.4,23.5833333333333,37.5,30.75,6.8,1,54,sum_ros,ros,0,4,2
AE,226,8,aug,summer,Lepidium draba,SC,AE_SC_42,23.3,14,NA,NA,NA,NA,22.7,31.4,23.5833333333333,37.5,30.75,6.6,2.5,63,sum_ros,ros,0,4.4,2
AE,226,8,aug,summer,Lepidium draba,SC,AE_SC_43,23.3,14,NA,NA,NA,NA,22.7,31.4,23.5833333333333,37.5,30.75,5.8,1.8,58,sum_ros,ros,0,3,3
AE,234,8,aug,summer,Lepidium draba,SC,AE_SC_44,22.3,12,28.2,NA,NA,NA,21.8,32,22.75,35.5,32.5,20.8,15.4,190,sum_ros,ros,0,2,2
AE,234,8,aug,summer,Lepidium draba,SC,AE_SC_45,22.3,12,28.2,NA,NA,NA,21.8,32,22.75,35.5,32.5,22.8,17.5,213,sum_ros,ros,0,1,2
AE,234,8,aug,summer,Lepidium draba,SC,AE_SC_46,22.3,12,28.2,NA,NA,NA,21.8,32,22.75,35.5,32.5,14.8,10.1,130,sum_ros,ros,0,2,1
AE,234,8,aug,summer,Lepidium draba,SC,AE_SC_47,21.6,12,29.3,NA,NA,NA,21.8,32,22.75,35.5,32.5,7.4,2.8,66,sum_ros,ros,0,2,1
AE,234,8,aug,summer,Lepidium draba,SC,AE_SC_48,21.6,12,29.3,NA,NA,NA,21.8,32,22.75,35.5,32.5,15.2,10.4,138,sum_ros,ros,0,2,3
AE,234,8,aug,summer,Lepidium draba,SC,AE_SC_49,21.6,12,29.3,NA,NA,NA,21.8,32,22.75,35.5,32.5,8.6,4.3,78,sum_ros,ros,0,1.5,2
AE,262,9,sep,autumn,Lepidium draba,SC,AE_SC_50,18.6,13,22.7,NA,R/NR,W/NW,17.7,23.6,17.3125,24,23.5,19.7666666666667,14.4666666666667,177.666666666667,aut_ros,ros,0,8,5
AE,262,9,sep,autumn,Lepidium draba,SC,AE_SC_51,18.6,13,22.7,NA,R/NR,W/NW,17.7,23.6,17.3125,24,23.5,19.7666666666667,14.4666666666667,177.666666666667,aut_ros,ros,0,7,5
AE,262,9,sep,autumn,Lepidium draba,SC,AE_SC_52,18.6,13,22.7,NA,R/NR,W/NW,17.7,23.6,17.3125,24,23.5,19.7666666666667,14.4666666666667,177.666666666667,aut_ros,ros,0,6,5
AE,262,9,sep,autumn,Lepidium draba,SC,AE_SC_53,17.9,13,22.7,NA,R/NR,W/NW,17.7,23.6,17.3125,24,23.5,18.4,13.3,166.333333333333,aut_ros,ros,0,3.7,5
AE,262,9,sep,autumn,Lepidium draba,SC,AE_SC_54,17.9,13,22.7,NA,R/NR,W/NW,17.7,23.6,17.3125,24,23.5,18.4,13.3,166.333333333333,aut_ros,ros,0,7.5,5
AE,262,9,sep,autumn,Lepidium draba,SC,AE_SC_55,17.9,13,22.7,NA,R/NR,W/NW,17.7,23.6,17.3125,24,23.5,18.4,13.3,166.333333333333,aut_ros,ros,0,3,NA
AE,300,10,oct,autumn,Lepidium draba,SC,AE_SC_56,17.5,16,22.3,NA,NR,W/NW,17.2,24.3,16.25,23.5,21.25,20.7666666666667,15.4666666666667,189.333333333333,aut_ros,ros,0,7,7
AE,300,10,oct,autumn,Lepidium draba,SC,AE_SC_57,17.5,16,22.3,NA,NR,W/NW,17.2,24.3,16.25,23.5,21.25,20.7666666666667,15.4666666666667,189.333333333333,aut_ros,ros,0,11,7
AE,300,10,oct,autumn,Lepidium draba,SC,AE_SC_58,17.5,16,22.3,NA,NR,W/NW,17.2,24.3,16.25,23.5,21.25,20.7666666666667,15.4666666666667,189.333333333333,aut_ros,ros,0,14,8
AE,300,10,oct,autumn,Lepidium draba,SC,AE_SC_59,17.8,16,22.3,NA,NR,W/NW,17.2,24.3,16.25,23.5,21.25,19.9,14.8,182,aut_ros,ros,0,9,8
AE,300,10,oct,autumn,Lepidium draba,SC,AE_SC_60,17.8,16,22.3,NA,NR,W/NW,17.2,24.3,16.25,23.5,21.25,19.9,14.8,182,aut_ros,ros,0,9,8
AE,300,10,oct,autumn,Lepidium draba,SC,AE_SC_61,17.8,16,22.3,NA,NR,W/NW,17.2,24.3,16.25,23.5,21.25,19.9,14.8,182,aut_ros,ros,0,9,8
AE,61,3,mar,spring,Lepidium draba,C,AE_C_1,10.7,15,NA,NA,NA,NA,9,18.1,9.5,16,15,18.7,13.633333333333301,170,NA,NA,NA,NA,NA
AE,61,3,mar,spring,Lepidium draba,C,AE_C_2,10.7,15,NA,NA,NA,NA,9,18.1,9.5,16,15,12.0666666666667,7.4,106.333333333333,NA,NA,NA,NA,NA
AE,61,3,mar,spring,Lepidium draba,C,AE_C_3,10.5,15,NA,NA,NA,NA,9,18.1,9.5,16,15,52,44,638,veg,rep,0.5,NA,NA
AE,61,3,mar,spring,Lepidium draba,C,AE_C_4,10.2,15,NA,NA,NA,NA,9,18.1,9.5,16,15,36.7333333333333,30.1333333333333,408.666666666667,veg,rep,6,NA,NA
AE,76,3,mar,spring,Lepidium draba,C,AE_C_5,11.7,14,17.6,13.8333333333333,NA,NA,10.2,17.9,10.875,17,16.25,14.7333333333333,9.56666666666667,126.333333333333,NA,NA,NA,NA,NA
AE,76,3,mar,spring,Lepidium draba,C,AE_C_6,11.8,14,17,13.8333333333333,NA,NA,10.2,17.9,10.875,17,16.25,9.63333333333333,5.86666666666667,89.6666666666667,NA,NA,NA,NA,NA
AE,76,3,mar,spring,Lepidium draba,C,AE_C_7,11.8,14,16,14.383333333333301,NA,NA,10.2,17.9,10.875,17,16.25,14.9666666666667,9.86666666666667,128,veg,rep,22.5,NA,NA
AE,76,3,mar,spring,Lepidium draba,C,AE_C_8,12.1,14,16,14.383333333333301,NA,NA,10.2,17.9,10.875,17,16.25,17.6666666666667,12.633333333333301,157.666666666667,veg,rep,12,NA,NA
AE,96,4,apr,spring,Lepidium draba,C,AE_C_9,13.5,15,22,15.6666666666667,NR,NW,17.4,23.4,16.4583333333333,22,20,11.8,6.43333333333333,101.333333333333,NA,NA,NA,NA,NA
AE,96,4,apr,spring,Lepidium draba,C,AE_C_10,14.4,15,22.5,15.6666666666667,NR,NW,17.4,23.4,16.4583333333333,22,20,10.5333333333333,6.06666666666667,94.6666666666667,veg,rep,23,NA,NA
AE,96,4,apr,spring,Lepidium draba,C,AE_C_11,13.9,15,22.5,15.6666666666667,NR,NW,17.4,23.4,16.4583333333333,22,20,18.9,13.8,152.666666666667,veg,rep,52,NA,NA
AE,96,4,apr,spring,Lepidium draba,C,AE_C_12,14.4,15,22.1,15.6666666666667,NR,NW,17.4,23.4,16.4583333333333,22,20,15.4333333333333,10.5666666666667,140.333333333333,veg,rep,32,NA,NA
AE,111,4,apr,spring,Lepidium draba,C,AE_C_13,13.1,17,16.2,17.1166666666667,NR,NW,9.6,18.1,9.8125,16,15.5,13.3666666666667,8.36666666666667,115.333333333333,NA,NA,NA,NA,NA
AE,111,4,apr,spring,Lepidium draba,C,AE_C_14,12.9,17,16,17.2,NR,NW,9.6,18.1,9.8125,16,15.5,6.2,2.13333333333333,61.3333333333333,NA,NA,NA,NA,NA
AE,111,4,apr,spring,Lepidium draba,C,AE_C_15,13.3,17,16.4,17.5,NR,NW,9.6,18.1,9.8125,16,15.5,20.0333333333333,14.7666666666667,182,veg,rep,53,NA,NA
AE,111,4,apr,spring,Lepidium draba,C,AE_C_16,13,17,16.7,17.6166666666667,NR,NW,9.6,18.1,9.8125,16,15.5,12.8333333333333,8.26666666666667,111.666666666667,veg,rep,63,NA,NA
AE,135,5,may,spring,Lepidium draba,C,AE_C_17,16.5,12,24.3,13.0166666666667,NR,NW,19.1,26,18.0625,23.5,22.75,13.3,8.66666666666667,123,NA,NA,NA,NA,NA
AE,135,5,may,spring,Lepidium draba,C,AE_C_18,16.6,12,23.9,13.1833333333333,NR,NW,19.1,26,18.0625,23.5,22.75,8.16666666666667,3.93333333333333,77,NA,NA,NA,NA,NA
AE,135,5,may,spring,Lepidium draba,C,AE_C_19,16.7,12,23.8,13.45,NR,NW,19.1,26,18.0625,23.5,22.75,16.3666666666667,11.4666666666667,145,veg,rep,87,NA,NA
AE,135,5,may,spring,Lepidium draba,C,AE_C_20,16.1,12,25.3,14.4,NR,NW,19.1,26,18.0625,23.5,22.75,19.8666666666667,14.5333333333333,178.666666666667,veg,rep,72,NA,NA
AE,153,6,jun,summer,Lepidium draba,C,AE_C_21,NA,NA,NA,NA,NA,NA,19,23.9,19.2708333333333,23.5,23.5,7.86666666666667,3.53333333333333,73,NA,NA,NA,NA,NA
AE,153,6,jun,summer,Lepidium draba,C,AE_C_22,NA,NA,NA,NA,NA,NA,19,23.9,19.2708333333333,23.5,23.5,10.8666666666667,5.93333333333333,97.3333333333333,NA,NA,NA,NA,NA
AE,153,6,jun,summer,Lepidium draba,C,AE_C_23,NA,NA,NA,NA,NA,NA,19,23.9,19.2708333333333,23.5,23.5,21.3333333333333,16.0666666666667,201.666666666667,veg,rep,100,NA,NA
AE,153,6,jun,summer,Lepidium draba,C,AE_C_24,NA,NA,NA,NA,NA,NA,19,23.9,19.2708333333333,23.5,23.5,12,7.63333333333333,105,veg,rep,53,NA,NA
AE,164,6,jun,summer,Lepidium draba,C,AE_C_27,NA,NA,NA,NA,NA,NA,24.1,32.7,22.7916666666667,27.5,26,31.7333333333333,23.8,303.666666666667,veg,rep,44.5,NA,NA
AE,164,6,jun,summer,Lepidium draba,C,AE_C_28,NA,NA,NA,NA,NA,NA,24.1,32.7,22.7916666666667,27.5,26,12.133333333333301,7.43333333333333,106.333333333333,veg,rep,10.5,NA,NA
AE,171,6,jun,summer,Lepidium draba,C,AE_C_31,20.5,14,27.9,14,NR,W,23.6,30.5,23.7916666666667,27.5,27,9.93333333333333,5.53333333333333,88.6666666666667,sen,rep,70,NA,NA
AE,171,6,jun,summer,Lepidium draba,C,AE_C_32,20.6,14,27.7,14.0833333333333,NR,W,23.6,30.5,23.7916666666667,27.5,27,12.9666666666667,8.3,115,sen,rep,45,NA,NA
AE,194,7,jul,summer,Lepidium draba,C,AE_C_33,21.4,13,32.7,13.95,NA,NA,24.4,28.7,23.8958333333333,29,28.25,27.8,21.8,270,sum_ros,ros,0,9,5
AE,194,7,jul,summer,Lepidium draba,C,AE_C_34,21.4,13,32.7,13.95,NA,NA,24.4,28.7,23.8958333333333,29,28.25,24.9,19.2,239,sum_ros,ros,0,5,4
AE,194,7,jul,summer,Lepidium draba,C,AE_C_35,21.4,13,32.7,13.95,NA,NA,24.4,28.7,23.8958333333333,29,28.25,18.8,14.7,169,sum_ros,ros,0,7.5,4
AE,207,7,jul,summer,Lepidium draba,C,AE_C_36,21.8,14,30.3,14.4166666666667,NA,NA,23.6,28.3,23.25,29,27.5,21.7,16.4,200,sum_ros,ros,0,3,3
AE,207,7,jul,summer,Lepidium draba,C,AE_C_37,31.8,14,30.3,14.4166666666667,NA,NA,23.6,28.3,23.25,29,27.5,19.3,14.8,174,sum_ros,ros,0,3,4
AE,207,7,jul,summer,Lepidium draba,C,AE_C_38,31.8,14,30.3,14.4166666666667,NA,NA,23.6,28.3,23.25,29,27.5,22.7,17.3,212,sum_ros,ros,0,2,3
AE,207,7,jul,summer,Lepidium draba,C,AE_C_39,22.2,14,30.3,14.4166666666667,NA,NA,23.6,28.3,23.25,29,27.5,17,12,149,sum_ros,ros,0,3,3
AE,207,7,jul,summer,Lepidium draba,C,AE_C_40,22.2,14,30.3,14.4166666666667,NA,NA,23.6,28.3,23.25,29,27.5,13,8.3,114,sum_ros,ros,0,2,2
AE,207,7,jul,summer,Lepidium draba,C,AE_C_41,22.2,14,30.3,14.4166666666667,NA,NA,23.6,28.3,23.25,29,27.5,13.4,8.8,117,sum_ros,ros,0,4,4
AE,214,8,aug,summer,Lepidium draba,C,AE_C_42,22.4,13,27,13.3333333333333,NA,NA,23.6,27.9,24.0625,29,27.25,21.8,16.4,201,sum_ros,ros,0,2,3
AE,214,8,aug,summer,Lepidium draba,C,AE_C_43,22.4,13,27,13.3333333333333,NA,NA,23.6,27.9,24.0625,29,27.25,19.2,14,190,sum_ros,ros,0,3,3
AE,214,8,aug,summer,Lepidium draba,C,AE_C_44,22.4,13,27,13.3333333333333,NA,NA,23.6,27.9,24.0625,29,27.25,25.1,20.4,252,sum_ros,ros,0,2,4
AE,214,8,aug,summer,Lepidium draba,C,AE_C_45,22.1,13,27,13.3333333333333,NA,NA,23.6,27.9,24.0625,29,27.25,21.8,16.4,202,sum_ros,ros,0,3.5,2
AE,214,8,aug,summer,Lepidium draba,C,AE_C_46,22.1,13,27,13.3333333333333,NA,NA,23.6,27.9,24.0625,29,27.25,20.1,15,182,sum_ros,ros,0,2.5,4
AE,214,8,aug,summer,Lepidium draba,C,AE_C_47,22.1,13,27,13.3333333333333,NA,NA,23.6,27.9,24.0625,29,27.25,29.7,23.6,301,sum_ros,ros,0,2,4
AE,226,8,aug,summer,Lepidium draba,C,AE_C_48,21.8,12,NA,NA,NA,NA,22.7,31.4,22.7708333333333,29.5,29.5,22.6,17.3,212,sum_ros,ros,0,2.8,4
AE,226,8,aug,summer,Lepidium draba,C,AE_C_49,21.8,12,NA,NA,NA,NA,22.7,31.4,22.7708333333333,29.5,29.5,18.9,13.7,167,sum_ros,ros,0,2,2
AE,226,8,aug,summer,Lepidium draba,C,AE_C_50,21.8,12,NA,NA,NA,NA,22.7,31.4,22.7708333333333,29.5,29.5,17.7,12.8,158,sum_ros,ros,0,0.6,2
AE,226,8,aug,summer,Lepidium draba,C,AE_C_51,21.2,12,NA,NA,NA,NA,22.7,31.4,22.7708333333333,29.5,29.5,13,8.7,111,sum_ros,ros,0,3,3
AE,226,8,aug,summer,Lepidium draba,C,AE_C_52,21.2,12,NA,NA,NA,NA,22.7,31.4,22.7708333333333,29.5,29.5,21.4,16,196,sum_ros,ros,0,2,1
AE,226,8,aug,summer,Lepidium draba,C,AE_C_53,21.2,12,NA,NA,NA,NA,22.7,31.4,22.7708333333333,29.5,29.5,18.7,13.6,167,sum_ros,ros,0,1.5,3
AE,234,8,aug,summer,Lepidium draba,C,AE_C_54,20.4,12,NA,NA,NA,NA,21.8,32,22.0208333333333,30.5,30,31,24.8,320,sum_ros,ros,0,2,3
AE,234,8,aug,summer,Lepidium draba,C,AE_C_55,20.4,12,NA,NA,NA,NA,21.8,32,22.0208333333333,30.5,30,13.4,8.7,116,sum_ros,ros,0,1,3
AE,234,8,aug,summer,Lepidium draba,C,AE_C_56,20.4,12,NA,NA,NA,NA,21.8,32,22.0208333333333,30.5,30,13.7,8.9,117,sum_ros,ros,0,1.5,3
AE,234,8,aug,summer,Lepidium draba,C,AE_C_57,20.4,12,NA,NA,NA,NA,21.8,32,22.0208333333333,30.5,30,21.8,16.4,200,sum_ros,ros,0,2,3
AE,234,8,aug,summer,Lepidium draba,C,AE_C_58,20.4,12,NA,NA,NA,NA,21.8,32,22.0208333333333,30.5,30,19.4,14.2,174,sum_ros,ros,0,1.5,2
AE,234,8,aug,summer,Lepidium draba,C,AE_C_59,20.4,12,NA,NA,NA,NA,21.8,32,22.0208333333333,30.5,30,13.9,9.2,122,sum_ros,ros,0,2,2
AE,262,9,sep,autumn,Lepidium draba,C,AE_C_60,16.9,12,23,NA,R/NR,W/NW,17.7,23.6,16.9583333333333,22.5,22,23.9333333333333,21.2666666666667,336.333333333333,aut_ros,ros,0,6,9
AE,262,9,sep,autumn,Lepidium draba,C,AE_C_61,16.9,12,23,NA,R/NR,W/NW,17.7,23.6,16.9583333333333,22.5,22,23.9333333333333,21.2666666666667,336.333333333333,aut_ros,ros,0,5.5,6
AE,262,9,sep,autumn,Lepidium draba,C,AE_C_62,16.9,12,23,NA,R/NR,W/NW,17.7,23.6,16.9583333333333,22.5,22,23.9333333333333,21.2666666666667,336.333333333333,aut_ros,ros,0,3.5,5
AE,262,9,sep,autumn,Lepidium draba,C,AE_C_63,17.2,12,23,NA,R/NR,W/NW,17.7,23.6,16.9583333333333,22.5,22,23.7333333333333,18.1333333333333,237.666666666667,aut_ros,ros,0,3,5
AE,262,9,sep,autumn,Lepidium draba,C,AE_C_64,17.2,12,23,NA,R/NR,W/NW,17.7,23.6,16.9583333333333,22.5,22,23.7333333333333,18.1333333333333,237.666666666667,aut_ros,ros,0,7,8
AE,262,9,sep,autumn,Lepidium draba,C,AE_C_65,17.2,12,23,NA,R/NR,W/NW,17.7,23.6,16.9583333333333,22.5,22,23.7333333333333,18.1333333333333,237.666666666667,aut_ros,ros,0,6,6
AE,300,10,oct,autumn,Lepidium draba,C,AE_C_66,16.7,17,NA,NA,NA,NA,17.2,24.3,15.6458333333333,22,20,16.6,11.6,144.333333333333,aut_ros,ros,0,7,5
AE,300,10,oct,autumn,Lepidium draba,C,AE_C_67,16.7,17,NA,NA,NA,NA,17.2,24.3,15.6458333333333,22,20,16.6,11.6,144.333333333333,aut_ros,ros,0,7.5,4
AE,300,10,oct,autumn,Lepidium draba,C,AE_C_68,16.7,17,NA,NA,NA,NA,17.2,24.3,15.6458333333333,22,20,16.6,11.6,144.333333333333,aut_ros,ros,0,8,11
AE,300,10,oct,autumn,Lepidium draba,C,AE_C_69,16.5,17,NA,NA,NA,NA,17.2,24.3,15.6458333333333,22,20,18,12.8666666666667,162.666666666667,aut_ros,ros,0,9,10
AE,300,10,oct,autumn,Lepidium draba,C,AE_C_70,16.5,17,NA,NA,NA,NA,17.2,24.3,15.6458333333333,22,20,18,12.8666666666667,162.666666666667,aut_ros,ros,0,6.5,7
AE,300,10,oct,autumn,Lepidium draba,C,AE_C_71,16.5,17,NA,NA,NA,NA,17.2,24.3,15.6458333333333,22,20,18,12.8666666666667,162.666666666667,aut_ros,ros,0,12,7
AE,61,3,mar,spring,Lepidium draba,SO,AE_SO_1,10.5,17,NA,NA,NA,NA,9,18.1,NA,NA,12,54.0666666666667,46.1,669.333333333333,NA,NA,NA,NA,NA
AE,61,3,mar,spring,Lepidium draba,SO,AE_SO_2,10.6,17,NA,NA,NA,NA,9,18.1,NA,NA,12,48.9333333333333,41.5,599.333333333333,NA,NA,NA,NA,NA
AE,61,3,mar,spring,Lepidium draba,SO,AE_SO_3,10.3,17,NA,NA,NA,NA,9,18.1,NA,NA,12,66.3,57.2333333333333,835.666666666667,veg,rep,2.5,NA,NA
AE,61,3,mar,spring,Lepidium draba,SO,AE_SO_4,10.3,17,NA,NA,NA,NA,9,18.1,NA,NA,12,42.0666666666667,35,333,veg,rep,5,NA,NA
AE,76,3,mar,spring,Lepidium draba,SO,AE_SO_5,11.7,16,20,16.4166666666667,NA,NA,10.2,17.9,12.625,28.5,24.75,45.4,36.6666666666667,517.666666666667,rep,rep,15,NA,NA
AE,76,3,mar,spring,Lepidium draba,SO,AE_SO_6,11.8,16,21,16.4166666666667,NA,NA,10.2,17.9,12.625,28.5,24.75,40.8666666666667,33.9666666666667,471.666666666667,NA,NA,NA,NA,NA
AE,76,3,mar,spring,Lepidium draba,SO,AE_SO_7,11.5,16,18.4,16.4166666666667,NA,NA,10.2,17.9,12.625,28.5,24.75,43.4333333333333,35.6666666666667,486.333333333333,veg,rep,9.5,NA,NA
AE,76,3,mar,spring,Lepidium draba,SO,AE_SO_8,11.5,16,18.8,16.4166666666667,NA,NA,10.2,17.9,12.625,28.5,24.75,36.4666666666667,29.9333333333333,404,rep,rep,25.5,NA,NA
AE,96,4,apr,spring,Lepidium draba,SO,AE_SO_9,13.6,14,24,14.9166666666667,NA,NA,17.4,23.4,17.1666666666667,31,25,27,21.1666666666667,265.333333333333,NA,NA,NA,NA,NA
AE,96,4,apr,spring,Lepidium draba,SO,AE_SO_10,14.2,14,24.2,14.9166666666667,NA,NA,17.4,23.4,17.1666666666667,31,25,32.4,26.2666666666667,344.333333333333,NA,NA,NA,NA,NA
AE,96,4,apr,spring,Lepidium draba,SO,AE_SO_11,13.4,14,25.6666666666667,14.9166666666667,NA,NA,17.4,23.4,17.1666666666667,31,25,25.9666666666667,20.4,254,rep,rep,67,NA,NA
AE,96,4,apr,spring,Lepidium draba,SO,AE_SO_12,13.8,14,23.2,14.9166666666667,NR,NW,17.4,23.4,17.1666666666667,31,25,29.1666666666667,23.1666666666667,297.333333333333,rep,rep,54,NA,NA
AE,111,4,apr,spring,Lepidium draba,SO,AE_SO_13,12.5,14,18.5,14.4166666666667,NR,NW,9.6,18.1,10.5625,27.5,23.75,19.0666666666667,13.9,171.666666666667,NA,NA,NA,NA,NA
AE,111,4,apr,spring,Lepidium draba,SO,AE_SO_14,12.7,14,18,14.4166666666667,NR,NW,9.6,18.1,10.5625,27.5,23.75,21.6333333333333,16.2333333333333,200,rep,rep,45,NA,NA
AE,111,4,apr,spring,Lepidium draba,SO,AE_SO_15,12,14,21.8,14.4166666666667,R,NW,9.6,18.1,10.5625,27.5,23.75,22.6,17.1,209.666666666667,rep,rep,79,NA,NA
AE,111,4,apr,spring,Lepidium draba,SO,AE_SO_16,11.8,14,21.8,14.4166666666667,R,NW,9.6,18.1,10.5625,27.5,23.75,21.7333333333333,16.2666666666667,200,rep,rep,60,NA,NA
AE,135,5,may,spring,Lepidium draba,SO,AE_SO_17,16.7,15,23.5,15.0833333333333,NR,NW,19.1,26,20,34,29.25,13.1,8.53333333333333,114.666666666667,NA,NA,NA,NA,NA
AE,135,5,may,spring,Lepidium draba,SO,AE_SO_18,15.7,15,25.1,15.4,NR,NW,19.1,26,20,34,29.25,12.133333333333301,7.53333333333333,108,NA,NA,NA,NA,NA
AE,135,5,may,spring,Lepidium draba,SO,AE_SO_19,17.2,15,25.4,15.3333333333333,R/NR,NW,19.1,26,20,34,29.25,15.7,10.8666666666667,139,veg,rep,43,NA,NA
AE,135,5,may,spring,Lepidium draba,SO,AE_SO_20,16.3,15,25.7,15.5666666666667,R,NW,19.1,26,20,34,29.25,18.3333333333333,13.2333333333333,165,rep,rep,53,NA,NA
AE,153,6,jun,summer,Lepidium draba,SO,AE_SO_21,NA,NA,NA,NA,NA,NA,19,23.9,21.2916666666667,35,22.5,16.3333333333333,11,134.666666666667,NA,NA,NA,NA,NA
AE,153,6,jun,summer,Lepidium draba,SO,AE_SO_22,NA,NA,NA,NA,NA,NA,19,23.9,21.2916666666667,35,22.5,16,11.0666666666667,142.333333333333,NA,NA,NA,NA,NA
AE,153,6,jun,summer,Lepidium draba,SO,AE_SO_23,NA,NA,NA,NA,NA,NA,19,23.9,21.2916666666667,35,22.5,13.633333333333301,9.1,118.666666666667,veg,rep,60,NA,NA
AE,153,6,jun,summer,Lepidium draba,SO,AE_SO_24,NA,NA,NA,NA,NA,NA,19,23.9,21.2916666666667,35,22.5,15.633333333333301,11,136.333333333333,rep,rep,65,NA,NA
AE,164,6,jun,summer,Lepidium draba,SO,AE_SO_27,NA,NA,NA,NA,NA,NA,24.1,32.7,24.9791666666667,37.5,37.25,10.133333333333301,5.73333333333333,93.6666666666667,veg,rep,66,NA,NA
AE,164,6,jun,summer,Lepidium draba,SO,AE_SO_28,NA,NA,NA,NA,NA,NA,24.1,32.7,24.9791666666667,37.5,37.25,11.3666666666667,6.73333333333333,100.666666666667,rep,rep,74,NA,NA
AE,171,6,jun,summer,Lepidium draba,SO,AE_SO_30,20.8,16,29.9,16.5,R/NR,NW,23.6,30.5,25.6875,37.5,30,18.8,14,169,NA,NA,NA,NA,NA
AE,171,6,jun,summer,Lepidium draba,SO,AE_SO_31,24.3,16,31,16.5,R,NW,23.6,30.5,25.6875,37.5,30,11.4666666666667,6.8,100.666666666667,sen,rep,104,NA,NA
AE,171,6,jun,summer,Lepidium draba,SO,AE_SO_32,22.5,16,31.5,16.5,R,NW,23.6,30.5,25.6875,37.5,30,12.4666666666667,7.63333333333333,108.666666666667,sen,rep,70,NA,NA
AE,194,7,jul,summer,Lepidium draba,SO,AE_SO_33,21,15,29.2,15.3333333333333,NA,NA,24.4,28.7,24.8333333333333,38,28.25,20.9,15.6,141,sum_ros,ros,0,6,4
AE,194,7,jul,summer,Lepidium draba,SO,AE_SO_34,21,15,29.2,15.3333333333333,NA,NA,24.4,28.7,24.8333333333333,38,28.25,8.9,4.6,80,sum_ros,ros,0,4.5,2
AE,194,7,jul,summer,Lepidium draba,SO,AE_SO_35,21,15,29.2,15.3333333333333,NA,NA,24.4,28.7,24.8333333333333,38,28.25,15.2,10.6,133,sum_ros,ros,0,4,3
AE,207,7,jul,summer,Lepidium draba,SO,AE_SO_36,21,16,29.2,16.55,NA,NA,23.6,28.3,24.8333333333333,37.5,29,16.8333333333333,11.9,154,sum_ros,ros,0,4,1
AE,207,7,jul,summer,Lepidium draba,SO,AE_SO_37,21,16,29.2,16.55,NA,NA,23.6,28.3,24.8333333333333,37.5,29,16.8333333333333,11.9,154,sum_ros,ros,0,7,2
AE,207,7,jul,summer,Lepidium draba,SO,AE_SO_38,21,16,29.2,16.55,NA,NA,23.6,28.3,24.8333333333333,37.5,29,16.8333333333333,11.9,154,sum_ros,ros,0,5,2
AE,207,7,jul,summer,Lepidium draba,SO,AE_SO_39,21.8,16,29.2,16.55,NA,NA,23.6,28.3,24.8333333333333,37.5,29,16.8333333333333,11.9,154,sum_ros,ros,0,3.5,5
AE,207,7,jul,summer,Lepidium draba,SO,AE_SO_40,21.8,16,29.2,16.55,NA,NA,23.6,28.3,24.8333333333333,37.5,29,16.8333333333333,11.9,154,sum_ros,ros,0,3.5,5
AE,207,7,jul,summer,Lepidium draba,SO,AE_SO_41,21.8,16,29.2,16.55,NA,NA,23.6,28.3,24.8333333333333,37.5,29,16.8333333333333,11.9,154,sum_ros,ros,0,5.5,4
AE,214,8,aug,summer,Lepidium draba,SO,AE_SO_42,22.5,14,29.6,14.8666666666667,NA,NA,23.6,27.9,25.5625,36,35,10.5,6.1,94,sum_ros,ros,0,5.5,4
AE,214,8,aug,summer,Lepidium draba,SO,AE_SO_43,22.5,14,29.6,14.8666666666667,NA,NA,23.6,27.9,25.5625,36,35,11.2,6.8,99,sum_ros,ros,0,3.5,3
AE,214,8,aug,summer,Lepidium draba,SO,AE_SO_44,22.5,14,29.6,14.8666666666667,NA,NA,23.6,27.9,25.5625,36,35,9.4,5,84,sum_ros,ros,0,13,5
AE,214,8,aug,summer,Lepidium draba,SO,AE_SO_45,22.3,14,29.6,14.8666666666667,NA,NA,23.6,27.9,25.5625,36,35,13.3,8.7,118,sum_ros,ros,0,4,4
AE,214,8,aug,summer,Lepidium draba,SO,AE_SO_46,22.3,14,29.6,14.8666666666667,NA,NA,23.6,27.9,25.5625,36,35,9.4,5,84,sum_ros,ros,0,3,3
AE,214,8,aug,summer,Lepidium draba,SO,AE_SO_47,22.3,14,29.6,14.8666666666667,NA,NA,23.6,27.9,25.5625,36,35,8.3,4.2,80,sum_ros,ros,0,3,4
AE,226,8,aug,summer,Lepidium draba,SO,AE_SO_48,21.8,12,NA,NA,NA,NA,22.7,31.4,24.2708333333333,40,38.5,10.5,6.1,94,sum_ros,ros,0,3.8,3
AE,226,8,aug,summer,Lepidium draba,SO,AE_SO_49,21.8,12,NA,NA,NA,NA,22.7,31.4,24.2708333333333,40,38.5,11.2,6.8,99,sum_ros,ros,0,1,2
AE,226,8,aug,summer,Lepidium draba,SO,AE_SO_50,21.8,12,NA,NA,NA,NA,22.7,31.4,24.2708333333333,40,38.5,9.4,5,84,sum_ros,ros,0,2,1
AE,226,8,aug,summer,Lepidium draba,SO,AE_SO_51,21.3,12,NA,NA,NA,NA,22.7,31.4,24.2708333333333,40,38.5,14,8.3,112,sum_ros,ros,0,4.9,3
AE,226,8,aug,summer,Lepidium draba,SO,AE_SO_52,21.3,12,NA,NA,NA,NA,22.7,31.4,24.2708333333333,40,38.5,17,12,150,sum_ros,ros,0,2,2
AE,226,8,aug,summer,Lepidium draba,SO,AE_SO_53,21.3,12,NA,NA,NA,NA,22.7,31.4,24.2708333333333,40,38.5,11.5,7,101,sum_ros,ros,0,3,2
AE,234,8,aug,summer,Lepidium draba,SO,AE_SO_54,20.7,13,28.8,NA,NA,NA,21.8,32,23.4583333333333,40,39,7.4,3.2,70,sum_ros,ros,0,3.9,2
AE,234,8,aug,summer,Lepidium draba,SO,AE_SO_55,20.7,13,28.8,NA,NA,NA,21.8,32,23.4583333333333,40,39,6,2,60,sum_ros,ros,0,2,4
AE,234,8,aug,summer,Lepidium draba,SO,AE_SO_56,20.7,13,28.8,NA,NA,NA,21.8,32,23.4583333333333,40,39,7.2,3.3,70,sum_ros,ros,0,2.3,2
AE,234,8,aug,summer,Lepidium draba,SO,AE_SO_57,21.6,13,28.8,NA,NA,NA,21.8,32,23.4583333333333,40,39,12.6,7.9,110,sum_ros,ros,0,2,2
AE,234,8,aug,summer,Lepidium draba,SO,AE_SO_58,21.6,13,28.8,NA,NA,NA,21.8,32,23.4583333333333,40,39,5.6,1.5,57,sum_ros,ros,0,4.5,3
AE,234,8,aug,summer,Lepidium draba,SO,AE_SO_59,21.6,13,28.8,NA,NA,NA,21.8,32,23.4583333333333,40,39,3.5,0,34,sum_ros,ros,0,2,3
AE,262,9,sep,autumn,Lepidium draba,SO,AE_SO_60,18.7,14,24.5,NA,R/NR,W/NW,17.7,23.6,17.0208333333333,28,24.25,21.8,16.3666666666667,199.333333333333,aut_ros,ros,0,6,7
AE,262,9,sep,autumn,Lepidium draba,SO,AE_SO_61,18.7,14,24.5,NA,R/NR,W/NW,17.7,23.6,17.0208333333333,28,24.25,21.8,16.3666666666667,199.333333333333,aut_ros,ros,0,8,6
AE,262,9,sep,autumn,Lepidium draba,SO,AE_SO_62,18.7,14,24.5,NA,R/NR,W/NW,17.7,23.6,17.0208333333333,28,24.25,21.8,16.3666666666667,199.333333333333,aut_ros,ros,0,9,6
AE,262,9,sep,autumn,Lepidium draba,SO,AE_SO_63,17.7,14,24.5,NA,R/NR,W/NW,17.7,23.6,17.0208333333333,28,24.25,23.6,18.4,230.333333333333,aut_ros,ros,0,4.5,7
AE,262,9,sep,autumn,Lepidium draba,SO,AE_SO_64,17.7,14,24.5,NA,R/NR,W/NW,17.7,23.6,17.0208333333333,28,24.25,23.6,18.4,230.333333333333,aut_ros,ros,0,3,9
AE,262,9,sep,autumn,Lepidium draba,SO,AE_SO_65,17.7,14,24.5,NA,R/NR,W/NW,17.7,23.6,17.0208333333333,28,24.25,23.6,18.4,230.333333333333,aut_ros,ros,0,4.5,5
AE,300,10,oct,autumn,Lepidium draba,SO,AE_SO_66,16.6,15,22.4,NA,R/NR,W/NW,17.2,24.3,15.7916666666667,25,20.75,30.2,24.1333333333333,311.666666666667,aut_ros,ros,0,11.5,5
AE,300,10,oct,autumn,Lepidium draba,SO,AE_SO_67,16.6,15,22.4,NA,R/NR,W/NW,17.2,24.3,15.7916666666667,25,20.75,30.2,24.1333333333333,311.666666666667,aut_ros,ros,0,13,7
AE,300,10,oct,autumn,Lepidium draba,SO,AE_SO_68,16.6,15,22.4,NA,R/NR,W/NW,17.2,24.3,15.7916666666667,25,20.75,30.2,24.1333333333333,311.666666666667,aut_ros,ros,0,9,4
AE,300,10,oct,autumn,Lepidium draba,SO,AE_SO_69,17.4,15,22.4,NA,R/NR,W/NW,17.2,24.3,15.7916666666667,25,20.75,18.6333333333333,13.7,171.333333333333,aut_ros,ros,0,15,10
AE,300,10,oct,autumn,Lepidium draba,SO,AE_SO_70,17.4,15,22.4,NA,R/NR,W/NW,17.2,24.3,15.7916666666667,25,20.75,18.6333333333333,13.7,171.333333333333,aut_ros,ros,0,14,7
AE,300,10,oct,autumn,Lepidium draba,SO,AE_SO_71,17.4,15,22.4,NA,R/NR,W/NW,17.2,24.3,15.7916666666667,25,20.75,18.6333333333333,13.7,171.333333333333,aut_ros,ros,0,11,10
AE,61,3,mar,spring,Lepidium draba,O,AE_O_1,10.3,13,NA,NA,NA,NA,9,18.1,NA,NA,NA,29.1333333333333,23.2,302.333333333333,veg,rep,5.7,NA,NA
AE,61,3,mar,spring,Lepidium draba,O,AE_O_2,11.8,13,NA,NA,NA,NA,9,18.1,NA,NA,NA,27.0666666666667,21.2333333333333,270,veg,rep,3.5,NA,NA
AE,76,3,mar,spring,Lepidium draba,O,AE_O_3,12.6,12,15.2,12.5833333333333,NA,NA,10.2,17.9,13.5,31.5,19,13.6666666666667,8.86666666666667,117.666666666667,rep,rep,20.5,NA,NA
AE,76,3,mar,spring,Lepidium draba,O,AE_O_4,12.4,12,17,12.75,NA,NA,10.2,17.9,13.5,31.5,19,26.3666666666667,20.6,258,veg,rep,6.5,NA,NA
AE,96,4,apr,spring,Lepidium draba,O,AE_O_5,14.4,12,20.1,12.1666666666667,R,NW,17.4,23.4,19.7916666666667,32.5,30.25,20.0333333333333,14.7666666666667,181,rep,rep,40,NA,NA
AE,96,4,apr,spring,Lepidium draba,O,AE_O_6,14.4,12,19.7,12.1666666666667,R,W,17.4,23.4,19.7916666666667,32.5,30.25,24.3666666666667,18.7,237.666666666667,rep,rep,47,NA,NA
AE,111,4,apr,spring,Lepidium draba,O,AE_O_7,16.5,12,19.2,12.4166666666667,R,W,9.6,18.1,11.5208333333333,22,19.5,9.33333333333333,12.0666666666667,89,rep,rep,39,NA,NA
AE,111,4,apr,spring,Lepidium draba,O,AE_O_8,12.5,12,16.7,12.4166666666667,R,W,9.6,18.1,11.5208333333333,22,19.5,15.6666666666667,11,143.666666666667,rep,rep,37,NA,NA
AE,135,5,may,spring,Lepidium draba,O,AE_O_9,18.9,11,26.4,11.0333333333333,R,NW,19.1,26,21.2708333333333,33,28,8.73333333333333,4.23333333333333,73,NA,NA,NA,NA,NA
AE,135,5,may,spring,Lepidium draba,O,AE_O_10,19.6,11,26.8,11.2166666666667,R,NW,19.1,26,21.2708333333333,33,28,10.8,6.4,92.6666666666667,rep,rep,40,NA,NA
AE,135,5,may,spring,Lepidium draba,O,AE_O_11,21.4,11,25.4,11.45,R,NW,19.1,26,21.2708333333333,33,28,10.6666666666667,6.1,96.6666666666667,rep,rep,36,NA,NA
AE,135,5,may,spring,Lepidium draba,O,AE_O_12,17.8,11,27.4,11.6666666666667,R,W/NW,19.1,26,21.2708333333333,33,28,14.4,9.66666666666667,119.333333333333,rep,rep,32,NA,NA
AE,153,6,jun,summer,Lepidium draba,O,AE_O_13,NA,NA,NA,NA,NA,NA,19,23.9,21.4583333333333,29.5,27.5,7.13333333333333,3.06666666666667,67.6666666666667,NA,NA,NA,NA,NA
AE,153,6,jun,summer,Lepidium draba,O,AE_O_14,NA,NA,NA,NA,NA,NA,19,23.9,21.4583333333333,29.5,27.5,9.53333333333333,5.13333333333333,85.3333333333333,NA,NA,NA,NA,NA
AE,153,6,jun,summer,Lepidium draba,O,AE_O_15,NA,NA,NA,NA,NA,NA,19,23.9,21.4583333333333,29.5,27.5,7.83333333333333,3.63333333333333,74,rep,rep,48,NA,NA
AE,153,6,jun,summer,Lepidium draba,O,AE_O_16,NA,NA,NA,NA,NA,NA,19,23.9,21.4583333333333,29.5,27.5,12.7666666666667,8.16666666666667,111.333333333333,rep,rep,47,NA,NA
AE,159,6,jun,summer,Lepidium draba,O,AE_O_17,NA,NA,NA,NA,NA,NA,18.6,22.5,20.7708333333333,29,26.25,NA,NA,NA,sen,rep,45,NA,NA
AE,159,6,jun,summer,Lepidium draba,O,AE_O_18,NA,NA,NA,NA,NA,NA,18.6,22.5,20.7708333333333,29,26.25,NA,NA,NA,sen,rep,41,NA,NA
AE,164,6,jun,summer,Lepidium draba,O,AE_O_22,NA,NA,NA,NA,NA,NA,24.1,32.7,25.7916666666667,34,31.5,7.7,3.5,71.5,sen,absence,39,NA,NA
AE,164,6,jun,summer,Lepidium draba,O,AE_O_23,NA,NA,NA,NA,NA,NA,24.1,32.7,25.7916666666667,34,31.5,3.45,0.4,43,sen,absence,NA,NA,NA
AE,171,6,jun,summer,Lepidium draba,O,AE_O_26,32.9,12,29.1,12.0833333333333,R,W,23.6,30.5,26.3333333333333,33.5,32.75,8.2,3.65,76.5,sen,rep,36,NA,NA
AE,171,6,jun,summer,Lepidium draba,O,AE_O_27,33,12,29,12.1666666666667,R,W,23.6,30.5,26.3333333333333,33.5,32.75,10.8666666666667,6.4,96.3333333333333,sen,rep,37,NA,NA
AE,194,7,jul,summer,Lepidium draba,O,AE_O_28,29.3,12,29.6,12.1666666666667,NA,NA,24.4,28.7,26.9583333333333,36,34.25,15.6,10.7,137,sum_ros,ros,0,3,5
AE,194,7,jul,summer,Lepidium draba,O,AE_O_29,29.3,12,29.6,12.1666666666667,NA,NA,24.4,28.7,26.9583333333333,36,34.25,13.6,8.9,119,sum_ros,ros,0,5,5
AE,194,7,jul,summer,Lepidium draba,O,AE_O_30,29.3,12,29.6,12.1666666666667,NA,NA,24.4,28.7,26.9583333333333,36,34.25,16,11.1,140,sum_ros,ros,0,4,4
AE,194,7,jul,summer,Lepidium draba,O,AE_O_31,34,12,30.4,12.1666666666667,NA,NA,24.4,28.7,26.9583333333333,36,34.25,10.4,6,86,sum_ros,ros,0,3,3
AE,194,7,jul,summer,Lepidium draba,O,AE_O_32,34,12,30.4,12.1666666666667,NA,NA,24.4,28.7,26.9583333333333,36,34.25,11.8,7.4,104,sum_ros,ros,0,5,4
AE,194,7,jul,summer,Lepidium draba,O,AE_O_33,34,12,30.4,12.1666666666667,NA,NA,24.4,28.7,26.9583333333333,36,34.25,13.2,9.4,124,sum_ros,ros,0,2.5,3
AE,207,7,jul,summer,Lepidium draba,O,AE_O_34,25.9,12,30,12.9166666666667,NA,NA,23.6,28.3,26.4791666666667,37,36.5,23.6,18.2,222,sum_ros,ros,0,2,5
AE,207,7,jul,summer,Lepidium draba,O,AE_O_35,30.6,12,30,12.9166666666667,NA,NA,23.6,28.3,26.4791666666667,37,36.5,20.3,15,183,sum_ros,ros,0,2,4
AE,207,7,jul,summer,Lepidium draba,O,AE_O_36,25.9,12,30,12.9166666666667,NA,NA,23.6,28.3,26.4791666666667,37,36.5,23.8,18.2,224,sum_ros,ros,0,6,5
AE,207,7,jul,summer,Lepidium draba,O,AE_O_37,25.9,12,30,12.9166666666667,NA,NA,23.6,28.3,26.4791666666667,37,36.5,19.4,14.2,174,sum_ros,ros,0,2.5,4
AE,207,7,jul,summer,Lepidium draba,O,AE_O_38,30.6,12,30,12.9166666666667,NA,NA,23.6,28.3,26.4791666666667,37,36.5,20.1,14.8,182,sum_ros,ros,0,2.5,5
AE,207,7,jul,summer,Lepidium draba,O,AE_O_39,30.6,12,30,12.9166666666667,NA,NA,23.6,28.3,26.4791666666667,37,36.5,18.6,13.6,166,sum_ros,ros,0,2,6
AE,214,8,aug,summer,Lepidium draba,O,AE_O_40,27.8,12,28.3,12,R,W,23.6,27.9,26.4583333333333,37,30.75,10.9,6.4,96,sum_ros,ros,0,5,5
AE,214,8,aug,summer,Lepidium draba,O,AE_O_41,27.8,12,28.3,12,R,W,23.6,27.9,26.4583333333333,37,30.75,6.6,2.6,65,sum_ros,ros,0,3.5,4
AE,214,8,aug,summer,Lepidium draba,O,AE_O_42,27.8,12,28.3,12,R,W,23.6,27.9,26.4583333333333,37,30.75,11,6.6,98,sum_ros,ros,0,4,4
AE,214,8,aug,summer,Lepidium draba,O,AE_O_43,27.6,12,28.3,12,R,W,23.6,27.9,26.4583333333333,37,30.75,8.4,4.1,77,sum_ros,ros,0,5,4
AE,214,8,aug,summer,Lepidium draba,O,AE_O_44,27.6,12,28.3,12,R,W,23.6,27.9,26.4583333333333,37,30.75,10.7,5.8,98,sum_ros,ros,0,2.5,5
AE,214,8,aug,summer,Lepidium draba,O,AE_O_45,27.6,12,28.3,12,R,W,23.6,27.9,26.4583333333333,37,30.75,13.8,9.2,121,sum_ros,ros,0,8.5,6
AE,226,8,aug,summer,Lepidium draba,O,AE_O_46,26.4,11,27.3,11,NA,NA,22.7,31.4,24.9791666666667,34,33.5,7.5,3.4,70,sum_ros,ros,0,2.5,2
AE,226,8,aug,summer,Lepidium draba,O,AE_O_47,26.4,11,27.3,11,NA,NA,22.7,31.4,24.9791666666667,34,33.5,4.2,0.4,48,sum_ros,ros,0,4.2,4
AE,226,8,aug,summer,Lepidium draba,O,AE_O_48,26.4,11,27.3,11,NA,NA,22.7,31.4,24.9791666666667,34,33.5,5.6,1.5,56,sum_ros,ros,0,2,4
AE,226,8,aug,summer,Lepidium draba,O,AE_O_49,26.7,11,27.3,11,NA,NA,22.7,31.4,24.9791666666667,34,33.5,4.2,0.3,46,sum_ros,ros,0,3,3
AE,226,8,aug,summer,Lepidium draba,O,AE_O_50,26.7,11,27.3,11,NA,NA,22.7,31.4,24.9791666666667,34,33.5,0.9,0,26,sum_ros,ros,0,5,3
AE,226,8,aug,summer,Lepidium draba,O,AE_O_51,26.7,11,27.3,11,NA,NA,22.7,31.4,24.9791666666667,34,33.5,0,0,30,sum_ros,ros,0,3.6,4
AE,234,8,aug,summer,Lepidium draba,O,AE_O_52,27.3,11,28.5,11.3333333333333,NA,NA,21.8,32,24.4375,36,34.5,5.7,2,58,sum_ros,ros,0,3,2
AE,234,8,aug,summer,Lepidium draba,O,AE_O_53,27.3,11,28.5,11.3333333333333,NA,NA,21.8,32,24.4375,36,34.5,1.5,0,31,sum_ros,ros,0,2,4
AE,234,8,aug,summer,Lepidium draba,O,AE_O_54,27.3,11,28.5,11.3333333333333,NA,NA,21.8,32,24.4375,36,34.5,1.9,0,33,sum_ros,ros,0,4,3
AE,234,8,aug,summer,Lepidium draba,O,AE_O_55,28.2,11,28.5,11.3333333333333,NA,NA,21.8,32,24.4375,36,34.5,0,0,18,sum_ros,ros,0,2,6
AE,234,8,aug,summer,Lepidium draba,O,AE_O_56,28.2,11,28.5,11.3333333333333,NA,NA,21.8,32,24.4375,36,34.5,1.4,0,30,sum_ros,ros,0,3,4
AE,234,8,aug,summer,Lepidium draba,O,AE_O_57,28.2,11,28.5,11.3333333333333,NA,NA,21.8,32,24.4375,36,34.5,0.8,0,30,sum_ros,ros,0,3,5
AE,262,9,sep,autumn,Lepidium draba,O,AE_O_58,16.3,11,22.8,NA,R,W,17.7,23.6,18.4791666666667,27,25.75,31.5666666666667,25.4,331.333333333333,aut_ros,ros,0,6,6
AE,262,9,sep,autumn,Lepidium draba,O,AE_O_59,16.3,11,22.8,NA,R,W,17.7,23.6,18.4791666666667,27,25.75,31.5666666666667,25.4,331.333333333333,aut_ros,ros,0,4,4
AE,262,9,sep,autumn,Lepidium draba,O,AE_O_60,16.3,11,22.8,NA,R,W,17.7,23.6,18.4791666666667,27,25.75,31.5666666666667,25.4,331.333333333333,aut_ros,ros,0,2.5,5
AE,262,9,sep,autumn,Lepidium draba,O,AE_O_61,16.2,11,22.8,NA,R,W,17.7,23.6,18.4791666666667,27,25.75,31.5333333333333,25.4666666666667,330.666666666667,aut_ros,ros,0,2,4
AE,262,9,sep,autumn,Lepidium draba,O,AE_O_62,16.2,11,22.8,NA,R,W,17.7,23.6,18.4791666666667,27,25.75,31.5333333333333,25.4666666666667,330.666666666667,aut_ros,ros,0,3.5,4
AE,262,9,sep,autumn,Lepidium draba,O,AE_O_63,16.2,11,22.8,NA,R,W,17.7,23.6,18.4791666666667,27,25.75,31.5333333333333,25.4666666666667,330.666666666667,aut_ros,ros,0,4.9,10
AE,300,10,oct,autumn,Lepidium draba,O,AE_O_64,14.8,11,22.7,NA,R,NW,17.2,24.3,18,29.5,25,29.3666666666667,23.3,298.666666666667,aut_ros,ros,0,5.6,6
AE,300,10,oct,autumn,Lepidium draba,O,AE_O_65,14.8,11,22.7,NA,R,NW,17.2,24.3,18,29.5,25,29.3666666666667,23.3,298.666666666667,aut_ros,ros,0,5.9,5
AE,300,10,oct,autumn,Lepidium draba,O,AE_O_66,14.8,11,22.7,NA,R,NW,17.2,24.3,18,29.5,25,29.3666666666667,23.3,298.666666666667,aut_ros,ros,0,4.4,3
AE,300,10,oct,autumn,Lepidium draba,O,AE_O_67,14.3,11,22.7,NA,R,NW,17.2,24.3,18,29.5,25,27.6,21.7,311.333333333333,aut_ros,ros,0,6,5
AE,300,10,oct,autumn,Lepidium draba,O,AE_O_68,14.3,11,22.7,NA,R,NW,17.2,24.3,18,29.5,25,27.6,21.7,311.333333333333,aut_ros,ros,0,5.5,5
AE,300,10,oct,autumn,Lepidium draba,O,AE_O_69,14.3,11,22.7,NA,R,NW,17.2,24.3,18,29.5,25,27.6,21.7,311.333333333333,aut_ros,ros,0,4.6,4
AE,61,3,mar,spring,Lepidium draba,O,AE_O_70,13.1,13,NA,NA,NA,NA,9,18.1,NA,NA,NA,13.3333333333333,8.76666666666667,119,NA,NA,NA,NA,NA
AE,61,3,mar,spring,Lepidium draba,O,AE_O_71,12.5,13,NA,NA,NA,NA,9,18.1,NA,NA,NA,23.3,17.8,225.333333333333,NA,NA,NA,NA,NA
AE,76,3,mar,spring,Lepidium draba,O,AE_O_72,15.9,12,17,12.4166666666667,NA,NA,10.2,17.9,13.5,31.5,19,13.2,8.6,115.666666666667,NA,NA,NA,NA,NA
AE,76,3,mar,spring,Lepidium draba,O,AE_O_73,15.3,12,18.7,12.25,NA,NA,10.2,17.9,13.5,31.5,19,18.8666666666667,13.6666666666667,170.333333333333,NA,NA,NA,NA,NA
AE,96,4,apr,spring,Lepidium draba,O,AE_O_74,17.4,12,23.5,11.7833333333333,R,NW,17.4,23.4,19.7916666666667,32.5,30.25,10.9333333333333,6.5,98.6666666666667,NA,NA,NA,NA,NA
AE,96,4,apr,spring,Lepidium draba,O,AE_O_75,16.8,12,22.5,12.1666666666667,R,W,17.4,23.4,19.7916666666667,32.5,30.25,16.5,11.4,146,NA,NA,NA,NA,NA
AE,111,4,apr,spring,Lepidium draba,O,AE_O_76,16.7,12,16.8,12.4166666666667,R,W,9.6,18.1,11.5208333333333,22,19.5,5.73333333333333,1.66666666666667,58,NA,NA,NA,NA,NA
AE,111,4,apr,spring,Lepidium draba,O,AE_O_77,16.3,12,15.8,12.4166666666667,R,W,9.6,18.1,11.5208333333333,22,19.5,6.66666666666667,2.5,65.3333333333333,NA,NA,NA,NA,NA
AE,135,5,may,spring,Lepidium draba,O,AE_O_78,23,11,25,12,R,NW,19.1,26,21.2708333333333,33,28,6.06666666666667,1.83333333333333,59.6666666666667,NA,NA,NA,NA,NA
AE,135,5,may,spring,Lepidium draba,O,AE_O_79,21.7,11,26,12.2166666666667,R,NW,19.1,26,21.2708333333333,33,28,7.36666666666667,4.43333333333333,67.3333333333333,NA,NA,NA,NA,NA
AE,135,5,may,spring,Lepidium draba,O,AE_O_80,23,11,25.3,12.0833333333333,R,NW,19.1,26,21.2708333333333,33,28,4.46666666666667,1.03333333333333,48.6666666666667,rep,rep,42,NA,NA
AE,135,5,may,spring,Lepidium draba,O,AE_O_81,21,11,24,12.2666666666667,R,W/NW,19.1,26,21.2708333333333,33,28,7.4,3.26666666666667,70,rep,rep,36,NA,NA
AE,153,6,jun,summer,Lepidium draba,O,AE_O_82,NA,NA,NA,NA,NA,NA,19,23.9,21.4583333333333,29.5,28,NA,NA,NA,sen,absence,0,NA,NA
AE,153,6,jun,summer,Lepidium draba,O,AE_O_84,NA,NA,NA,NA,NA,NA,19,23.9,21.4583333333333,29.5,28,4.06666666666667,0.7,51.6666666666667,veg,rep,23,NA,NA
AE,153,6,jun,summer,Lepidium draba,O,AE_O_85,NA,NA,NA,NA,NA,NA,19,23.9,21.4583333333333,29.5,28,5.43333333333333,1.36666666666667,56.3333333333333,rep,rep,38,NA,NA
AE,159,6,jun,summer,Lepidium draba,O,AE_O_86,NA,NA,NA,NA,NA,NA,18.6,22.5,20.7708333333333,29,26.25,NA,NA,NA,veg,rep,30,NA,NA
AE,164,6,jun,summer,Lepidium draba,O,AE_O_89,NA,NA,NA,NA,NA,NA,24.1,32.7,25.7916666666667,34,31.5,3.65,2.6,35,sen,absence,NA,NA,NA
AE,164,6,jun,summer,Lepidium draba,O,AE_O_90,NA,NA,NA,NA,NA,NA,24.1,32.7,25.7916666666667,34,31.5,6,2,60,sen,absence,NA,NA,NA
AE,171,6,jun,summer,Lepidium draba,O,AE_O_92,NA,NA,NA,NA,NA,NA,23.6,30.5,26.3333333333333,33.5,32.75,NA,NA,NA,sen,absence,7,NA,NA
AE,171,6,jun,summer,Lepidium draba,O,AE_O_93,30.2,12,29.1,13,R,W,23.6,30.5,26.3333333333333,33.5,32.75,6.5,2.46666666666667,63.6666666666667,sen,rep,23,NA,NA
AE,171,6,jun,summer,Lepidium draba,O,AE_O_94,30.3,12,29.1,13,R,W,23.6,30.5,26.3333333333333,33.5,32.75,6.33333333333333,1.93333333333333,61.3333333333333,sen,rep,33,NA,NA
AE,194,7,jul,summer,Lepidium draba,O,AE_O_95,31.3,13,29.5,13.1666666666667,NA,NA,24.4,28.7,26.9583333333333,36,31.75,12.6,8.2,110,sum_ros,ros,0,0.5,6
AE,194,7,jul,summer,Lepidium draba,O,AE_O_96,31.3,13,29.5,13.1666666666667,NA,NA,24.4,28.7,26.9583333333333,36,31.75,8.6,4.2,78,sum_ros,ros,0,3.5,5
AE,194,7,jul,summer,Lepidium draba,O,AE_O_97,31.3,13,29.5,13.1666666666667,NA,NA,24.4,28.7,26.9583333333333,36,31.75,13,8.2,112,sum_ros,ros,0,4,3
AE,194,7,jul,summer,Lepidium draba,O,AE_O_98,28.7,13,29.5,13.1666666666667,NA,NA,24.4,28.7,26.9583333333333,36,31.75,5.3,1.2,57,sum_ros,ros,0,6,5
AE,194,7,jul,summer,Lepidium draba,O,AE_O_99,28.7,13,29.5,13.1666666666667,NA,NA,24.4,28.7,26.9583333333333,36,31.75,13.2,9.6,116,sum_ros,ros,0,5.5,4
AE,194,7,jul,summer,Lepidium draba,O,AE_O_100,28.7,13,29.5,13.1666666666667,NA,NA,24.4,28.7,26.9583333333333,36,31.75,10.4,6,92,sum_ros,ros,0,7.5,5
AE,207,7,jul,summer,Lepidium draba,O,AE_O_101,37.5,13,29.5,13.6666666666667,NA,NA,23.6,28.3,26.4791666666667,37,36.75,14.8,10.1,129,sum_ros,ros,0,3,3
AE,207,7,jul,summer,Lepidium draba,O,AE_O_102,37.5,13,29.5,13.6666666666667,NA,NA,23.6,28.3,26.4791666666667,37,36.75,5.7,1.6,58,sum_ros,ros,0,6.7,5
AE,207,7,jul,summer,Lepidium draba,O,AE_O_103,37.5,13,29.5,13.6666666666667,NA,NA,23.6,28.3,26.4791666666667,37,36.75,22.3,16.8,206,sum_ros,ros,0,3,4
AE,207,7,jul,summer,Lepidium draba,O,AE_O_104,35.4,13,29.5,13.6666666666667,NA,NA,23.6,28.3,26.4791666666667,37,36.75,11.7,7.1,103,sum_ros,ros,0,3,3
AE,207,7,jul,summer,Lepidium draba,O,AE_O_105,35.4,13,29.5,13.6666666666667,NA,NA,23.6,28.3,26.4791666666667,37,36.75,9.6,5.3,86,sum_ros,ros,0,3.7,7
AE,207,7,jul,summer,Lepidium draba,O,AE_O_106,35.4,13,29.5,13.6666666666667,NA,NA,23.6,28.3,26.4791666666667,37,36.75,19.1,14,172,sum_ros,ros,0,3,5
AE,214,8,aug,summer,Lepidium draba,O,AE_O_107,30.6,12,28.5,12.5833333333333,R,W/NW,23.6,27.9,26.4583333333333,37,30.75,7.9,3.7,74,sum_ros,ros,0,3.5,10
AE,214,8,aug,summer,Lepidium draba,O,AE_O_108,30.6,12,28.5,12.5833333333333,R,W/NW,23.6,27.9,26.4583333333333,37,30.75,6.3,2.2,60,sum_ros,ros,0,4.5,6
AE,214,8,aug,summer,Lepidium draba,O,AE_O_109,30.6,12,28.5,12.5833333333333,R,W/NW,23.6,27.9,26.4583333333333,37,30.75,7.2,3.8,68,sum_ros,ros,0,3.5,6
AE,214,8,aug,summer,Lepidium draba,O,AE_O_110,30.2,12,28.5,12.5833333333333,R,W/NW,23.6,27.9,26.4583333333333,37,30.75,9.3,4.8,84,sum_ros,ros,0,1.5,8
AE,214,8,aug,summer,Lepidium draba,O,AE_O_111,30.2,12,28.5,12.5833333333333,R,W/NW,23.6,27.9,26.4583333333333,37,30.75,5,0.9,53,sum_ros,ros,0,4.5,6
AE,214,8,aug,summer,Lepidium draba,O,AE_O_112,30.2,12,28.5,12.5833333333333,R,W/NW,23.6,27.9,26.4583333333333,37,30.75,0.4,1.8,62,sum_ros,ros,0,2.5,7
AE,226,8,aug,summer,Lepidium draba,O,AE_O_113,28.2,11,NA,NA,NA,NA,22.7,31.4,24.9791666666667,34,33.5,5.2,1.2,54,sum_ros,ros,0,4.2,5
AE,226,8,aug,summer,Lepidium draba,O,AE_O_114,28.2,11,NA,NA,NA,NA,22.7,31.4,24.9791666666667,34,33.5,3.3,0,42,sum_ros,ros,0,4.2,4
AE,226,8,aug,summer,Lepidium draba,O,AE_O_115,28.2,11,NA,NA,NA,NA,22.7,31.4,24.9791666666667,34,33.5,1.2,0,30,sum_ros,ros,0,2.9,5
AE,226,8,aug,summer,Lepidium draba,O,AE_O_116,27.4,11,NA,NA,NA,NA,22.7,31.4,24.9791666666667,34,33.5,1.4,0,30,sum_ros,ros,0,2,3
AE,226,8,aug,summer,Lepidium draba,O,AE_O_117,27.4,11,NA,NA,NA,NA,22.7,31.4,24.9791666666667,34,33.5,6.5,2.6,64,sum_ros,ros,0,3.5,6
AE,226,8,aug,summer,Lepidium draba,O,AE_O_118,27.4,11,NA,NA,NA,NA,22.7,31.4,24.9791666666667,34,33.5,3.8,0,45,sum_ros,ros,0,2,5
AE,234,8,aug,summer,Lepidium draba,O,AE_O_119,27.2,11,28.9,11.3333333333333,NA,NA,21.8,32,24.4375,36,34.5,4.2,0.2,48,sum_ros,ros,0,3,6
AE,234,8,aug,summer,Lepidium draba,O,AE_O_120,27.2,11,28.9,11.3333333333333,NA,NA,21.8,32,24.4375,36,34.5,5.4,1.4,56,sum_ros,ros,0,2.5,4
AE,234,8,aug,summer,Lepidium draba,O,AE_O_121,27.2,11,28.9,11.3333333333333,NA,NA,21.8,32,24.4375,36,34.5,5.5,1.4,56,sum_ros,ros,0,4,7
AE,234,8,aug,summer,Lepidium draba,O,AE_O_122,27.4,11,28.9,11.3333333333333,NA,NA,21.8,32,24.4375,36,34.5,5.2,0.9,52,sum_ros,ros,0,6,6
AE,234,8,aug,summer,Lepidium draba,O,AE_O_123,27.4,11,28.9,11.3333333333333,NA,NA,21.8,32,24.4375,36,34.5,5.6,1.8,58,sum_ros,ros,0,4.5,6
AE,234,8,aug,summer,Lepidium draba,O,AE_O_124,27.4,11,28.9,11.3333333333333,NA,NA,21.8,32,24.4375,36,34.5,4.7,0.9,52,sum_ros,ros,0,6,6
AE,262,9,sep,autumn,Lepidium draba,O,AE_O_125,18.8,11,23.3,NA,R,W/NW,17.7,23.6,18.4791666666667,27,25.75,17.0333333333333,12.2,154.333333333333,aut_ros,ros,0,4,4
AE,262,9,sep,autumn,Lepidium draba,O,AE_O_126,18.8,11,23.3,NA,R,W/NW,17.7,23.6,18.4791666666667,27,25.75,17.0333333333333,12.2,154.333333333333,aut_ros,ros,0,4.2,5
AE,262,9,sep,autumn,Lepidium draba,O,AE_O_127,18.8,11,23.3,NA,R,W/NW,17.7,23.6,18.4791666666667,27,25.75,17.0333333333333,12.2,154.333333333333,aut_ros,ros,0,4.5,7
AE,262,9,sep,autumn,Lepidium draba,O,AE_O_128,18.4,11,23.3,NA,R,W/NW,17.7,23.6,18.4791666666667,27,25.75,20.4,15.2333333333333,189.666666666667,aut_ros,ros,0,4.7,3
AE,262,9,sep,autumn,Lepidium draba,O,AE_O_129,18.4,11,23.3,NA,R,W/NW,17.7,23.6,18.4791666666667,27,25.75,20.4,15.2333333333333,189.666666666667,aut_ros,ros,0,4,5
AE,262,9,sep,autumn,Lepidium draba,O,AE_O_130,18.4,11,23.3,NA,R,W/NW,17.7,23.6,18.4791666666667,27,25.75,20.4,15.2333333333333,189.666666666667,aut_ros,ros,0,6.5,8
AE,300,10,oct,autumn,Lepidium draba,O,AE_O_131,19.3,12,25,NA,R,NW,17.2,24.3,18,29.5,25.75,12.8,8.16666666666667,112.666666666667,aut_ros,ros,0,7,7
AE,300,10,oct,autumn,Lepidium draba,O,AE_O_132,19.3,12,25,NA,R,NW,17.2,24.3,18,29.5,25.75,12.8,8.16666666666667,112.666666666667,aut_ros,ros,0,6.4,12
AE,300,10,oct,autumn,Lepidium draba,O,AE_O_133,19.3,12,25,NA,R,NW,17.2,24.3,18,29.5,25.75,12.8,8.16666666666667,112.666666666667,aut_ros,ros,0,6.1,6
AE,300,10,oct,autumn,Lepidium draba,O,AE_O_134,24,12,25,NA,R,NW,17.2,24.3,18,29.5,25.75,13.3,8.66666666666667,117,aut_ros,ros,0,8,7
AE,300,10,oct,autumn,Lepidium draba,O,AE_O_135,24,12,25,NA,R,NW,17.2,24.3,18,29.5,25.75,13.3,8.66666666666667,117,aut_ros,ros,0,8.1,9
AE,300,10,oct,autumn,Lepidium draba,O,AE_O_136,24,12,25,NA,R,NW,17.2,24.3,18,29.5,25.75,13.3,8.66666666666667,117,aut_ros,ros,0,10,8
AE,164,6,jun,summer,Lepidium draba,SC,AE_SC_62,NA,NA,NA,NA,NA,NA,24.1,32.7,NA,NA,NA,43.9,36.4,518.333333333333,veg,rep,128,NA,NA
AE,164,6,jun,summer,Lepidium draba,SC,AE_SC_63,NA,NA,NA,NA,NA,NA,24.1,32.7,NA,NA,NA,NA,NA,NA,veg,rep,120,NA,NA
AE,171,6,jun,summer,Lepidium draba,SC,AE_SC_64,21.1,15,27.7,15.5,NR,NW,23.6,30.5,NA,NA,NA,23.0333333333333,17.4666666666667,217.333333333333,NA,NA,NA,NA,NA
AE,171,6,jun,summer,Lepidium draba,SC,AE_SC_65,21.4,15,28.5,15.5,NR,NW,23.6,30.5,NA,NA,NA,34.1333333333333,27.6666666666667,368,veg,rep,70,NA,NA
AE,171,6,jun,summer,Lepidium draba,SC,AE_SC_66,21.3,15,27.8,15.5,NR,NW,23.6,30.5,NA,NA,NA,22.1,16.5333333333333,217.666666666667,veg,rep,107,NA,NA
AE,171,6,jun,summer,Lepidium draba,SC,AE_SC_67,21.4,15,28.2,15.5,NR,NW,23.6,30.5,NA,NA,NA,23.0666666666667,17.5333333333333,222.666666666667,veg,rep,60,NA,NA
AE,185,7,jul,summer,Lepidium draba,SC,AE_SC_71,20.8,15,26.5,15.4333333333333,NA,NA,21.7,26.9,NA,NA,NA,34.0333333333333,28.0666666666667,374.333333333333,veg,rep,150,NA,NA
AE,185,7,jul,summer,Lepidium draba,SC,AE_SC_72,21.2,15,26,15.4333333333333,NA,NA,21.7,26.9,NA,NA,NA,35.7333333333333,28.5,392.333333333333,NA,NA,NA,NA,NA
AE,185,7,jul,summer,Lepidium draba,SC,AE_SC_73,20.9,15,26.1,15.4333333333333,NA,NA,21.7,26.9,NA,NA,NA,16.6666666666667,11.633333333333301,146,veg,rep,120,NA,NA
AE,185,7,jul,summer,Lepidium draba,SC,AE_SC_74,21.1,15,25.7,15.4333333333333,NA,NA,21.7,26.9,NA,NA,NA,31.4666666666667,23.6,302.666666666667,veg,rep,114,NA,NA
AE,194,7,jul,summer,Lepidium draba,SC,AE_SC_75,21.8,14,NA,NA,NA,NA,24.4,28.7,NA,NA,NA,28.8,10.2666666666667,299.666666666667,sum_ros,ros,0,NA,NA
AE,207,7,jul,summer,Lepidium draba,SC,AE_SC_76,NA,NA,30,14.95,NA,NA,23.6,28.3,NA,NA,NA,16.8333333333333,11.9,154,sum_ros,ros,0,9,3
AE,207,7,jul,summer,Lepidium draba,SC,AE_SC_77,NA,NA,30,14.95,NA,NA,23.6,28.3,NA,NA,NA,16.8333333333333,11.9,154,sum_ros,ros,0,2,3
AE,207,7,jul,summer,Lepidium draba,SC,AE_SC_78,NA,NA,30,14.95,NA,NA,23.6,28.3,NA,NA,NA,16.8333333333333,11.9,154,sum_ros,ros,0,4,3
AE,207,7,jul,summer,Lepidium draba,SC,AE_SC_79,NA,NA,30,14.95,NA,NA,23.6,28.3,NA,NA,NA,16.8333333333333,11.9,154,sum_ros,ros,0,3,3
AE,207,7,jul,summer,Lepidium draba,SC,AE_SC_80,NA,NA,30,14.95,NA,NA,23.6,28.3,NA,NA,NA,16.8333333333333,11.9,154,sum_ros,ros,0,4,3
AE,207,7,jul,summer,Lepidium draba,SC,AE_SC_81,NA,NA,30,14.95,NA,NA,23.6,28.3,NA,NA,NA,16.8333333333333,11.9,154,sum_ros,ros,0,1,3
AE,214,8,aug,summer,Lepidium draba,SC,AE_SC_82,23.3,15,27.8,15.1666666666667,NA,NA,23.6,27.9,NA,NA,NA,29.4,23,290,sum_ros,ros,0,3,2
AE,214,8,aug,summer,Lepidium draba,SC,AE_SC_83,23.3,15,27.8,15.1666666666667,NA,NA,23.6,27.9,NA,NA,NA,27.8,22,276,sum_ros,ros,0,4,3
AE,214,8,aug,summer,Lepidium draba,SC,AE_SC_84,23.3,15,27.8,15.1666666666667,NA,NA,23.6,27.9,NA,NA,NA,25.3,19.6,244,sum_ros,ros,0,2,3
AE,214,8,aug,summer,Lepidium draba,SC,AE_SC_85,23.6,15,27.8,15.1666666666667,NA,NA,23.6,27.9,NA,NA,NA,19.2,14.2,172,sum_ros,ros,0,3,4
AE,214,8,aug,summer,Lepidium draba,SC,AE_SC_86,23.6,15,27.8,15.1666666666667,NA,NA,23.6,27.9,NA,NA,NA,23.6,18.4,224,sum_ros,ros,0,4,4
AE,214,8,aug,summer,Lepidium draba,SC,AE_SC_87,23.6,15,27.8,15.1666666666667,NA,NA,23.6,27.9,NA,NA,NA,27,21,162,sum_ros,ros,0,3.5,3
AE,226,8,aug,summer,Lepidium draba,SC,AE_SC_88,22.3,12,NA,NA,NA,NA,22.7,31.4,NA,NA,NA,20.6,15.4,187,sum_ros,ros,0,2.4,3
AE,226,8,aug,summer,Lepidium draba,SC,AE_SC_89,22.3,12,NA,NA,NA,NA,22.7,31.4,NA,NA,NA,9.8,5.4,88,sum_ros,ros,0,3,2
AE,226,8,aug,summer,Lepidium draba,SC,AE_SC_90,22.3,12,NA,NA,NA,NA,22.7,31.4,NA,NA,NA,26.7,20.8,260,sum_ros,ros,0,0.5,4
AE,226,8,aug,summer,Lepidium draba,SC,AE_SC_91,22.7,12,NA,NA,NA,NA,22.7,31.4,NA,NA,NA,18.8,13.8,170,sum_ros,ros,0,3.5,3
AE,226,8,aug,summer,Lepidium draba,SC,AE_SC_92,22.7,12,NA,NA,NA,NA,22.7,31.4,NA,NA,NA,16.8,11.8,149,sum_ros,ros,0,2,3
AE,226,8,aug,summer,Lepidium draba,SC,AE_SC_93,22.7,12,NA,NA,NA,NA,22.7,31.4,NA,NA,NA,23.3,17.8,218,sum_ros,ros,0,2.2,1
AE,234,8,aug,summer,Lepidium draba,SC,AE_SC_94,21.7,12,28.9,NA,NA,NA,21.8,32,NA,NA,NA,25,23,296,sum_ros,ros,0,3,1
AE,234,8,aug,summer,Lepidium draba,SC,AE_SC_95,21.7,12,28.9,NA,NA,NA,21.8,32,NA,NA,NA,29,23,292,sum_ros,ros,0,2,3
AE,234,8,aug,summer,Lepidium draba,SC,AE_SC_96,21.7,12,28.9,NA,NA,NA,21.8,32,NA,NA,NA,19.8,14.6,178,sum_ros,ros,0,2,3
AE,234,8,aug,summer,Lepidium draba,SC,AE_SC_97,21.4,12,29.8,NA,NA,NA,21.8,32,NA,NA,NA,20.6,15.2,186,sum_ros,ros,0,3,4
AE,234,8,aug,summer,Lepidium draba,SC,AE_SC_98,21.4,12,29.8,NA,NA,NA,21.8,32,NA,NA,NA,26,20.4,252,sum_ros,ros,0,1.3,3
AE,234,8,aug,summer,Lepidium draba,SC,AE_SC_99,21.4,12,29.8,NA,NA,NA,21.8,32,NA,NA,NA,20.3,15,184,sum_ros,ros,0,2,3
AE,262,9,sep,autumn,Lepidium draba,SC,AE_SC_100,17.9,16,NA,NA,NA,NA,17.7,23.6,NA,NA,NA,31.5,25.3333333333333,332,aut_ros,ros,0,7.5,5
AE,262,9,sep,autumn,Lepidium draba,SC,AE_SC_101,17.9,16,NA,NA,NA,NA,17.7,23.6,NA,NA,NA,31.5,25.3333333333333,332,aut_ros,ros,0,4.5,4
AE,262,9,sep,autumn,Lepidium draba,SC,AE_SC_102,17.9,16,NA,NA,NA,NA,17.7,23.6,NA,NA,NA,31.5,25.3333333333333,332,aut_ros,ros,0,7,5
AE,262,9,sep,autumn,Lepidium draba,SC,AE_SC_103,19.4,16,NA,NA,NA,NA,17.7,23.6,NA,NA,NA,36,29.5,399,aut_ros,ros,0,8,5
AE,262,9,sep,autumn,Lepidium draba,SC,AE_SC_104,19.4,16,NA,NA,NA,NA,17.7,23.6,NA,NA,NA,36,29.5,399,aut_ros,ros,0,5,4
AE,262,9,sep,autumn,Lepidium draba,SC,AE_SC_105,19.4,16,NA,NA,NA,NA,17.7,23.6,NA,NA,NA,36,29.5,399,aut_ros,ros,0,4.8,5
